name,pronunciation,baby,legendary,weight,height,power,length_phones,length_syllables,number_low,number_rounded,number_back,number_front,number_high,number_son,number_lab,number_voiced_obs,number_voiceless_obs,number_alveolar,number_velar,evolved
Bulbasaur,ˈbʊlbəsɔːɹ,0,0,6.9,28,318,9,3,1,2,2,1,1,1,2,2,1,2,0,0
Ivysaur,ˈaɪviːsɔːɹ,0,0,13,39,405,8,3,2,1,1,2,2,0,1,1,1,1,0,1
Venusaur,ˈviːnəsɔːɹ,0,0,100,79,525,8,3,1,1,1,2,1,1,1,1,1,2,0,1
Charmander,ˈtʃɑːɹmændɚ,0,0,8.5,24,309,10,3,2,0,1,1,0,2,1,1,2,4,0,0
Charmeleon,tʃɑːɹˈmiːljən,0,0,19,43,405,11,3,1,0,1,2,1,4,1,0,2,4,0,1
Charizard,ˈtʃɑːɹɪzɑːɹd,0,0,90.5,67,534,10,3,2,0,2,1,1,0,0,2,2,4,0,1
Squirtle,ˈskwɝːɾəl,0,0,9,20,314,8,2,0,0,0,1,0,2,0,0,2,2,1,0
Wartortle,ˈwɔːɹtɔːɹɾəl,0,0,22.5,39,405,10,3,2,2,2,1,0,2,0,0,1,2,0,1
Blastoise,ˈblæstɔɪs,0,0,85.5,63,530,9,2,2,1,1,2,1,1,1,1,3,4,0,1
Caterpie,ˈkæɾɚpiː,0,0,2.9,12,195,7,3,1,0,0,2,1,0,1,0,2,0,1,0
Metapod,ˈmɛɾəpɑːd,0,0,9.9,28,205,8,3,1,0,1,2,0,1,2,1,1,1,0,1
Butterfree,ˈbʌɾɚfɹiː,0,0,32,43,385,8,3,0,0,0,1,1,0,2,1,1,0,0,1
Weedle,ˈwiːdəl,0,0,3.2,12,195,6,2,0,0,0,2,1,2,0,1,0,2,0,0
Kakuna,kəˈkuːnə,0,0,10,24,205,7,3,0,1,0,2,1,1,0,0,2,1,2,1
Beedrill,ˈbiːdɹɪl,0,0,29.5,39,385,7,2,0,0,0,2,2,1,1,2,0,2,0,1
Pidgey,ˈpɪdʒiː,0,0,1.8,12,251,6,2,0,0,0,2,2,0,1,2,1,2,0,0
Pidgeotto,ˌpɪdʒiːˈoʊɾoʊ,0,0,30,43,349,12,6,0,4,2,2,4,0,1,2,1,2,0,1
Pidgeot,ˈpɪdʒiːɑːt,0,0,39.5,59,469,8,3,1,0,1,2,2,0,1,2,2,3,0,1
Rattata,ɹəˈtæɾə,0,0,3.5,12,253,7,3,1,0,0,3,0,0,0,0,1,1,0,0
Raticate,ˈɹæɾɪkeɪt,0,0,18.5,28,413,9,4,1,0,0,4,2,0,0,0,2,1,1,1
Spearow,ˈspɪɹoʊ,0,0,2,12,262,7,3,0,2,1,1,2,0,1,0,2,1,0,0
Fearow,ˈfɪɹoʊ,0,0,38,47,442,6,3,0,2,1,1,2,0,1,0,1,0,0,1
Ekans,ˈɛkənz,0,0,6.9,79,288,6,2,0,0,0,2,0,1,0,1,1,2,1,0
Arbok,ˈɑːɹbɑːk,0,0,65,138,438,6,2,2,0,2,0,0,0,1,1,1,0,1,1
Pikachu,ˈpiːkətʃuː,0,0,6,16,300,8,3,0,1,0,2,2,0,1,0,4,2,1,1
Raichu,ˈɹaɪtʃuː,0,0,30,31,475,7,2,1,1,0,1,2,0,0,0,2,2,0,1
Sandshrew,ˈsændʃɹuː,0,0,12,24,300,8,2,1,1,0,1,1,1,0,1,2,4,0,0
Sandslash,ˈsændslæʃ,0,0,29.5,39,450,9,2,2,0,0,2,0,2,0,1,3,6,0,1
Nidoran♀,ˈniːdoʊɹæn (ˈfiːmeɪl),0,0,7,16,275,18,7,1,2,1,5,4,4,2,1,1,4,0,0
Nidorina,ˌniːdoʊˈɹiːnə,0,0,20,31,365,11,5,0,2,1,3,3,2,0,1,0,3,0,1
Nidoqueen,ˈniːdoʊkwiːn,0,0,60,51,495,10,4,0,2,1,2,3,3,0,1,1,3,1,1
Nidoran♂,ˈniːdoʊɹæn (ˈmeɪl),0,0,9,20,273,16,6,1,2,1,4,3,4,1,1,0,4,0,0
Nidorino,ˌniːdoʊˈɹiːnoʊ,0,0,19.5,35,365,12,6,0,4,2,2,4,2,0,1,0,3,0,1
Nidoking,ˈniːdoʊkɪŋ,0,0,62,55,495,9,4,0,2,1,2,3,2,0,1,1,2,2,1
Clefairy,klɛˈfɛɹiː,0,0,7.5,24,323,8,3,0,0,0,3,1,1,1,0,2,1,1,1
Clefable,klɛˈfeɪbəl,0,0,40,51,473,10,4,0,0,0,4,1,2,2,1,2,2,1,1
Vulpix,ˈvʊlpɪks,0,0,9.9,24,299,8,2,0,1,1,1,2,1,2,1,3,2,1,0
Ninetales,ˈnaɪnteɪlz,0,0,19.9,43,505,10,3,1,0,0,3,2,3,0,1,1,5,0,1
Jigglypuff,ˈdʒɪɡliːpʌf,0,0,5.5,20,270,10,3,0,0,0,2,2,1,2,3,2,3,1,1
Wigglytuff,ˈwɪɡliːtʌf,0,0,12,39,425,9,3,0,0,0,2,2,2,1,1,2,2,1,1
Zubat,ˈzuːbæt,0,0,7.5,31,245,6,2,1,1,0,1,1,0,1,2,1,2,0,0
Golbat,ˈɡɔːlbæt,0,0,55,63,455,7,2,2,1,1,1,0,1,1,2,1,2,1,1
Oddish,ˈɑːdɪʃ,0,0,5.4,20,320,5,2,1,0,1,1,1,0,0,1,1,2,0,0
Gloom,ˈɡluːm,0,0,8.6,31,395,5,1,0,1,0,0,1,2,1,1,0,1,1,1
Vileplume,ˈvaɪlpluːm,0,0,18.6,47,480,9,2,1,1,0,1,2,3,3,1,1,2,0,1
Paras,ˈpɛɹəs,0,0,5.4,12,285,6,2,0,0,0,2,0,0,1,0,2,1,0,0
Parasect,ˈpɛɹəsɛkt,0,0,29.5,39,405,9,3,0,0,0,3,0,0,1,0,4,2,1,1
Venonat,ˈvɛnoʊnæt,0,0,30,39,305,9,4,1,2,1,2,1,2,1,1,1,3,0,0
Venomoth,ˈvɛnoʊmɑːθ,0,0,12.5,59,450,9,4,1,2,2,1,1,2,2,1,1,1,0,1
Diglett,ˈdɪɡlət,0,0,0.8,8,265,7,2,0,0,0,2,1,1,0,2,1,3,1,0
Dugtrio,dʌɡˈtɹiːoʊ,0,0,33.3,28,405,9,4,0,2,1,1,2,0,0,2,1,2,1,1
Meowth,miːˈaʊθ,0,0,4.2,16,290,6,2,1,1,1,1,2,1,1,0,1,0,0,0
Persian,ˈpɝːʒən,0,0,32,39,440,6,2,0,0,0,1,0,1,1,1,1,2,0,1
Psyduck,ˈsaɪdʌk,0,0,19.6,31,320,7,2,1,0,0,1,1,0,0,1,2,2,1,0
Golduck,ˈɡɔːldʌk,0,0,76.6,67,500,7,2,1,1,1,0,0,1,0,2,1,2,2,1
Mankey,ˈmæŋkiː,0,0,28,20,305,6,2,1,0,0,2,1,2,1,0,1,0,2,0
Primeape,ˈpɹaɪmeɪp,0,0,32,39,455,9,3,1,0,0,3,2,1,3,0,2,0,0,1
Growlithe,ˈɡɹaʊlɪθ,0,0,19,28,350,8,2,1,1,1,1,2,1,0,1,1,1,1,0
Arcanine,ˈɑːɹkənɑɪn,0,0,155,75,555,9,3,2,0,2,2,1,2,0,0,1,2,1,1
Poliwag,ˈpɑːliːwæɡ,0,0,12.4,24,300,8,3,2,0,1,2,1,2,1,1,1,1,1,0
Poliwhirl,ˈpɑːliːwɝːl,0,0,20,39,385,8,3,1,0,1,1,1,3,1,0,1,2,0,1
Poliwrath,ˈpɑːliːɹæθ,0,0,54,51,500,8,3,2,0,1,2,1,1,1,0,2,1,0,1
Abra,ˈæbɹə,0,0,19.5,35,310,5,2,1,0,0,2,0,0,1,1,0,0,0,0
Kadabra,kəˈdæbɹə,0,0,56.5,51,400,8,3,1,0,0,3,0,0,1,2,1,1,1,1
Alakazam,ˌæləkəˈzæm,0,0,48,59,490,10,4,2,0,0,4,0,2,1,1,1,2,1,1
Machop,məˈtʃɑːp,0,0,19.5,31,305,7,2,1,0,1,1,0,1,2,0,3,2,0,0
Machoke,məˈtʃoʊk,0,0,70.5,59,405,8,3,0,2,1,1,1,1,1,0,3,2,1,1
Machamp,məˈtʃæmp,0,0,130,63,505,8,2,1,0,0,2,0,2,3,0,3,2,0,1
Bellsprout,ˈbɛlspɹaʊt,0,0,4,28,300,10,2,1,1,1,1,1,1,2,1,3,3,0,0
Weepinbell,ˈwiːpɪnbɛl,0,0,6.4,39,390,9,3,0,0,0,3,2,3,2,1,1,2,0,1
Victreebel,ˈvɪktriːbɛl,0,0,15.5,67,480,10,3,0,0,0,3,2,2,2,2,2,2,1,1
Tentacool,ˈtɛntəkuːl,0,0,45.5,35,335,9,3,0,1,0,2,1,2,0,0,3,4,1,0
Tentacruel,ˈtɛntəkɹuːl,0,0,55,63,515,10,3,0,1,0,2,1,2,0,0,3,4,1,1
Geodude,ˈdʒiːoʊduːd,0,0,20,16,300,9,4,0,3,1,1,3,0,0,4,0,4,0,0
Graveler,ˈɡɹævəlɚ,0,0,105,39,390,8,3,1,0,0,2,0,1,1,2,0,1,1,1
Golem,ˈɡɔːləm,0,0,300,55,485,6,2,1,1,1,1,0,2,1,1,0,1,1,1
Ponyta,ˈpoʊniːtɑː,0,0,30,39,410,8,4,1,2,2,1,2,1,1,0,2,2,0,0
Rapidash,ˈɹæpɪdæʃ,0,0,95,67,500,8,3,2,0,0,3,1,0,1,1,2,2,0,1
Slowpoke,ˈsloʊpoʊk,0,0,36,47,315,9,4,0,4,2,0,2,1,1,0,3,2,1,0
Slowbro,ˈsloʊbɹoʊ,0,0,78.5,63,490,9,4,0,4,2,0,2,1,1,1,1,2,0,1
Magnemite,ˈmæɡnəmaɪt,0,0,6,12,325,10,3,2,0,0,3,1,3,2,1,1,2,1,0
Magneton,ˈmæɡnətɑːn,0,0,60,39,465,9,3,2,0,1,2,0,3,1,1,1,3,1,1
Farfetch'd,ˈfɑːɹfɛtʃt,0,0,15,31,352,9,2,1,0,1,1,0,0,2,0,5,3,0,0
Doduo,doʊˈduːoʊ,0,0,39.2,55,310,8,5,0,5,2,0,3,0,0,2,0,2,0,0
Dodrio,doʊˈdɹiːoʊ,0,0,85.2,71,460,9,5,0,4,2,1,3,0,0,2,0,2,0,1
Seel,ˈsiːl,0,0,90,43,325,4,1,0,0,0,1,1,1,0,0,1,2,0,0
Dewgong,ˈduːɡɑːŋ,0,0,120,67,475,6,2,1,1,1,0,1,1,0,2,0,1,2,1
Grimer,ˈɡɹaɪmɚ,0,0,30,35,325,7,2,1,0,0,1,1,1,1,1,0,0,1,0
Muk,ˈmʌk,0,0,30,47,500,4,1,0,0,0,0,0,1,1,0,1,0,1,1
Shellder,ˈʃɛldɚ,0,0,4,12,305,6,2,0,0,0,1,0,1,0,1,1,3,0,0
Cloyster,ˈklɔɪstɚ,0,0,132.5,59,525,8,2,1,1,1,1,1,1,0,0,3,3,1,1
Gastly,ˈɡæsliː,0,0,0.1,51,310,6,2,1,0,0,2,1,1,0,1,1,2,1,0
Haunter,ˈhɑːntɚ,0,0,0.1,63,405,6,2,1,0,1,0,0,1,0,0,1,2,0,1
Gengar,ˈɡɛŋɡɑːɹ,0,0,40.5,59,500,7,2,1,0,1,1,0,1,0,2,0,0,3,1
Onix,ˈɑːnɪks,0,0,210,346,385,6,2,1,0,1,1,1,1,0,0,2,2,1,0
Drowzee,ˈdɹaʊziː,0,0,32.4,39,328,7,2,1,1,1,1,2,0,0,2,0,2,0,0
Hypno,ˈhɪpnoʊ,0,0,75.6,63,483,7,3,0,2,1,1,2,1,1,0,1,1,0,1
Krabby,ˈkɹæbiː,0,0,6.5,16,325,6,2,1,0,0,2,1,0,1,1,1,0,1,0
Kingler,ˈkɪŋlɚ,0,0,60,51,475,6,2,0,0,0,1,1,2,0,0,1,1,2,1
Voltorb,ˈvɔːltɔːɹb,0,0,10.4,20,330,8,2,2,2,2,0,0,1,2,2,1,2,0,0
Electrode,ɪˈlɛktɹoʊd,0,0,66.6,47,480,10,4,0,2,1,2,2,1,0,1,2,3,1,1
Exeggcute,ˈɛɡzəɡkjuːt,0,0,2.5,16,325,10,3,0,1,0,2,1,1,0,3,2,2,3,0
Exeggutor,ɛɡzˈɛɡjuːtɔːɹ,0,0,120,79,520,11,4,1,2,1,2,1,1,0,3,1,2,2,1
Cubone,ˈkjuːboʊn,0,0,6.5,16,320,8,3,0,3,1,0,2,2,1,1,1,1,1,0
Marowak,ˈmɛɹoʊwæk,0,0,45,39,425,9,4,1,2,1,2,1,2,1,0,1,0,1,1
Hitmonlee,ˈhɪtmɑːnliː,0,0,49.8,59,455,9,3,1,0,1,2,2,3,1,0,1,3,0,1
Hitmonchan,ˈhɪtmɑːntʃæn,0,0,50.2,55,455,11,3,2,0,1,2,1,3,1,0,3,5,0,1
Lickitung,ˈlɪkɪtʌŋ,0,0,65.5,47,385,8,3,0,0,0,2,2,2,0,0,2,2,2,0
Koffing,ˈkɑːfɪŋ,0,0,1,24,340,6,2,1,0,1,1,1,1,1,0,2,0,2,0
Weezing,ˈwiːzɪŋ,0,0,9.5,47,490,6,2,0,0,0,2,2,2,0,1,0,1,1,1
Rhyhorn,ˈɹaɪhɔːɹn,0,0,115,39,345,8,2,2,1,1,1,1,1,0,0,0,1,0,0
Rhydon,ˈɹaɪdɑːn,0,0,120,75,485,7,2,2,0,1,1,1,1,0,1,0,2,0,1
Chansey,ˈtʃænsiː,0,0,34.6,43,450,7,2,1,0,0,2,1,1,0,0,3,4,0,1
Tangela,ˈtæŋɡələ,0,0,35,39,435,8,3,1,0,0,3,0,2,0,1,1,2,2,0
Kangaskhan,ˈkæŋɡəskɑːn,0,0,80,87,490,10,3,2,0,1,2,0,2,0,1,3,2,4,0
Horsea,ˈhɔːɹsiː,0,0,8,16,295,6,2,1,1,1,1,1,0,0,0,1,1,0,0
Seadra,ˈsiːdɹə,0,0,25,47,440,6,2,0,0,0,2,1,0,0,1,1,2,0,1
Goldeen,ɡɔːlˈdiːn,0,0,15,0,320,7,2,1,1,1,1,1,2,0,2,0,3,1,0
Seaking,ˈsiːkɪŋ,0,0,39,51,450,6,2,0,0,0,2,2,1,0,0,2,1,2,1
Staryu,ˈstɑːɹjuː,0,0,34.5,31,340,7,2,1,1,1,0,1,1,0,0,2,2,0,0
Starmie,ˈstɑːɹmiː,0,0,80,43,520,7,2,1,0,1,1,1,1,1,0,2,2,0,1
Mr. Mime,ˌmɪstɚˈmaɪm,0,0,54.5,51,460,11,3,1,0,0,2,2,3,3,0,2,2,0,1
Scyther,ˈsaɪθɚ,0,0,56,59,500,6,2,1,0,0,1,1,0,0,0,2,1,0,0
Jynx,ˈdʒɪŋks,0,0,40.6,55,455,7,1,0,0,0,1,1,1,0,2,2,3,2,1
Electabuzz,əˈlɛktəbʌz,0,0,30,43,490,10,4,0,0,0,3,0,1,1,2,2,3,1,1
Magmar,ˈmæɡmɑːɹ,0,0,44.5,51,495,7,2,2,0,1,1,0,2,2,1,0,0,1,1
Pinsir,ˈpɪnsɚ,0,0,55,59,500,6,2,0,0,0,1,1,1,1,0,2,2,0,0
Tauros,ˈtɔːɹoʊs,0,0,88.4,55,490,7,3,1,3,2,0,1,0,0,0,2,2,0,0
Magikarp,ˈmædʒɪkɑːɹp,0,0,10,35,200,10,3,2,0,1,2,1,1,2,2,2,2,1,0
Gyarados,ˈɡɛɹədoʊs,0,0,235,256,540,9,4,0,2,1,2,1,0,0,2,1,2,1,1
Lapras,ˈlæpɹəs,0,0,220,98,535,7,2,1,0,0,2,0,1,1,0,2,2,0,0
Ditto,ˈdɪtoʊ,0,0,4,12,288,6,3,0,2,1,1,2,0,0,1,1,2,0,0
Eevee,ˈiːviː,0,0,6.5,12,325,4,2,0,0,0,2,2,0,1,1,0,0,0,0
Vaporeon,veɪˈpɔːɹiːɑːn,0,0,29,39,525,10,5,2,1,2,3,2,1,2,1,1,1,0,1
Jolteon,ˈdʒɔːltiːɑːn,0,0,24.5,31,525,9,3,2,1,2,1,1,2,0,2,1,5,0,1
Flareon,ˈflɛɹiːɑːn,0,0,25,35,525,8,3,1,0,1,2,1,2,1,0,1,2,0,1
Porygon,ˈpɔːɹiːɡɑːn,0,0,36.5,0,395,8,3,2,1,2,1,1,1,1,1,1,1,1,0
Omanyte,ˈɑːmənɑɪt,0,0,7.5,16,355,8,3,2,0,2,2,1,2,1,0,1,2,0,0
Omastar,ˈɑːməstɑːɹ,0,0,35,39,495,8,3,2,0,2,1,0,1,1,0,2,2,0,1
Kabuto,kəˈbuːtoʊ,0,0,11.5,20,355,8,4,0,3,1,1,2,0,1,1,2,1,1,0
Kabutops,ˈkɑːbuːtɑːps,0,0,40.5,51,495,9,3,2,1,2,0,1,0,2,1,4,2,1,1
Aerodactyl,ɛɹəˈdæktəl,0,0,59,71,515,10,4,1,0,0,4,0,1,0,1,2,3,1,0
Snorlax,ˈsnɔːɹlæks,0,0,460,83,540,9,2,2,1,1,1,0,2,0,0,3,4,1,1
Articuno,ˌɑːɹɾɪˈkuːnoʊ,0,1,55.4,67,580,11,5,1,3,2,1,3,1,0,0,1,1,1,0
Zapdos,ˈzæpdoʊs,0,1,52.6,63,580,8,3,1,2,1,1,1,0,1,2,2,3,0,0
Moltres,ˈmɔːltɹeɪs,0,1,60,79,580,9,3,1,1,1,2,1,2,1,0,2,3,0,0
Dratini,dɹəˈtiːniː,0,0,3.3,71,300,8,3,0,0,0,3,2,1,0,1,1,3,0,0
Dragonair,ˈdɹæɡənɛɹ,0,0,16.5,157,420,9,3,1,0,0,3,0,1,0,2,0,2,1,1
Dragonite,ˈdɹæɡənaɪt,0,0,210,87,600,10,3,2,0,0,3,1,1,0,2,1,3,1,1
Mewtwo,ˈmjuːtuː,0,1,122,79,680,6,2,0,2,0,0,2,2,1,0,1,1,0,0
Mew,ˈmjuː,0,0,4,16,600,4,1,0,1,0,0,1,2,1,0,0,0,0,0
Chikorita,ˌtʃɪkɔːɹˈiːɾə,0,0,6.4,35,318,11,4,1,1,1,3,2,0,0,0,3,2,1,0
Bayleef,ˈbeɪliːf,0,0,15.8,47,405,7,3,0,0,0,3,2,1,2,1,1,1,0,1
Meganium,məˈɡeɪniːəm,0,0,100.5,71,525,10,5,0,0,0,5,2,3,2,1,0,1,1,1
Cyndaquil,ˈsɪndəkwɪl,0,0,7.9,20,309,10,3,0,0,0,3,2,3,0,1,2,4,1,0
Quilava,kwɪˈlɑːvə,0,0,19,35,405,8,3,1,0,1,2,1,2,1,1,1,1,1,1
Typhlosion,taɪˈfloʊʒən,0,0,79.5,67,534,11,4,1,2,1,2,2,2,1,1,2,4,0,1
Totodile,ˈtoʊɾədaɪl,0,0,9.5,0,314,10,4,1,2,1,2,2,1,0,1,1,3,0,0
Croconaw,ˈkɹɑːkənɑː,0,0,25,43,405,8,3,2,0,2,1,0,1,0,0,2,1,2,1
Feraligatr,fɚˈæləɡeɪɾɚ,0,0,88.8,91,530,11,6,1,0,0,4,1,1,1,1,1,1,1,1
Sentret,ˈsɛntɹət,0,0,6,31,215,8,2,0,0,0,2,0,1,0,0,3,4,0,0
Furret,ˈfɝːət,0,0,32.5,71,415,5,2,0,0,0,1,0,0,1,0,2,1,0,1
Hoothoot,ˈhuːtˌhuːt,0,0,21.2,28,262,8,2,0,2,0,0,2,0,0,0,2,2,0,0
Noctowl,ˈnɑːktaʊl,0,0,40.8,63,442,8,2,2,1,2,0,1,2,0,0,2,3,1,1
Ledyba,ˈlɛdiːbə,0,0,10.8,39,265,7,3,0,0,0,3,1,1,1,2,0,2,0,0
Ledian,ˈlɛdiːɑːn,0,0,35.6,55,390,7,3,1,0,1,2,1,2,0,1,0,3,0,1
Spinarak,ˈspɪnəɹæk,0,0,8.5,20,250,9,3,1,0,0,3,1,1,1,0,3,2,1,0
Ariados,ˈɛɹiːədoʊs,0,0,33.5,0,390,9,5,0,2,1,3,2,0,0,1,1,2,0,1
Crobat,ˈkɹoʊbæt,0,0,75,0,535,8,3,1,2,1,1,1,0,1,1,2,1,1,1
Chinchou,ˈtʃɪntʃaʊ,0,0,12,20,330,9,2,1,1,1,1,2,1,0,0,4,5,0,0
Lanturn,ˈlæntɚn,0,0,22.5,47,460,7,2,1,0,0,1,0,3,0,0,1,4,0,1
Pichu,ˈpiːtʃu,1,0,2,12,205,6,2,0,1,0,1,2,0,1,0,3,2,0,0
Cleffa,ˈklɛfə,1,0,3,12,218,6,2,0,0,0,2,0,1,1,0,2,1,1,0
Igglybuff,ˈɪɡliːbʌf,1,0,1,12,210,8,3,0,0,0,2,2,1,2,2,1,1,1,0
Togepi,ˈtoʊgəpiː,1,0,1.5,12,245,8,4,0,2,1,2,2,0,1,0,2,1,0,0
Togetic,ˈtoʊɡətɪk,0,0,3.2,24,405,9,4,0,2,1,2,2,0,0,1,3,2,2,1
Natu,ˈnɑːtuː,0,0,2,8,320,5,2,1,1,1,0,1,1,0,0,1,2,0,0
Xatu,ˈzɑːtuː,0,0,15,59,470,5,2,1,1,1,0,1,0,0,1,1,2,0,1
Mareep,məˈɹiːp,0,0,7.8,24,280,6,2,0,0,0,2,1,1,2,0,1,0,0,0
Flaaffy,ˈflæfiː,0,0,13.3,31,365,6,2,1,0,0,2,1,1,2,0,2,1,0,1
Ampharos,ˈæmfəɹɑːs,0,0,61.5,55,500,8,3,2,0,1,2,0,1,2,0,2,1,0,1
Bellossom,bɛlˈɑːsəm,0,0,5.8,16,480,8,3,1,0,1,2,0,2,2,1,1,2,0,1
Marill,ˈmɛɹəl,0,0,8.5,16,250,6,2,0,0,0,2,0,2,1,0,0,1,0,1
Azumarill,əˈzuːməɹɪl,0,0,28.5,31,410,9,4,0,1,0,3,2,2,1,1,0,2,0,1
Sudowoodo,ˌsuːdoʊˈwuːdoʊ,0,0,38,47,410,12,6,0,6,2,0,4,1,0,2,1,3,0,1
Politoed,ˈpɑːliːtoʊd,0,0,33.9,43,500,9,4,1,2,2,1,2,1,1,1,2,3,0,1
Hoppip,ˈhɑːpɪp,0,0,0.5,16,250,6,2,1,0,1,1,1,0,2,0,2,0,0,0
Skiploom,ˈskɪpluːm,0,0,1,24,340,8,2,0,1,0,1,2,2,2,0,3,2,1,1
Jumpluff,ˈdʒʌmplʌf,0,0,3,31,450,9,2,0,0,0,0,0,2,3,2,2,3,0,1
Aipom,ˈeɪpɑːm,0,0,11.5,0,360,6,3,1,0,1,2,1,1,2,0,1,0,0,0
Sunkern,ˈsʌŋkɚn,0,0,1.8,12,180,7,2,0,0,0,0,0,2,0,0,2,2,2,0
Sunflora,ˌsʌnˈflɔːɹə,0,0,8.5,31,425,10,3,1,1,1,1,0,2,1,0,2,3,0,1
Yanma,ˈjænmə,0,0,38,47,390,6,2,1,0,0,2,0,3,1,0,0,1,0,0
Wooper,ˈwuːpɚ,0,0,8.5,16,210,5,2,0,1,0,0,1,1,1,0,1,0,0,0
Quagsire,ˈkwæɡsaɪɚ,0,0,75,55,430,9,3,2,0,0,2,1,1,0,1,2,1,2,1
Espeon,ˈɛspiːɑːn,0,0,26.5,0,525,7,3,1,0,1,2,1,1,1,0,2,2,0,1
Umbreon,ˈʌmbɹiːɑːn,0,0,27,39,525,8,3,1,0,1,1,1,2,2,1,0,1,0,1
Murkrow,ˈmɝːkɹoʊ,0,0,2.1,20,405,7,3,0,2,1,0,1,1,1,0,1,0,1,0
Slowking,ˈsloʊkɪŋ,0,0,79.5,79,490,8,3,0,2,1,1,2,2,0,0,2,2,2,1
Misdreavus,mɪsˈdɹiːvəs,0,0,1,28,435,10,3,0,0,0,3,2,1,2,2,2,3,0,0
Unown,ʌˈnoʊn,0,0,5,20,336,6,3,0,2,1,0,1,2,0,0,0,2,0,0
Wobbuffet,ˈwɑːbəfɛt,0,0,28.5,51,405,8,3,1,0,1,2,0,1,2,1,2,1,0,1
Girafarig,dʒɚːˈæfəɹɪɡ,0,0,41.5,59,455,10,4,1,0,0,3,1,0,1,3,1,2,1,0
Pineco,ˈpaɪnkoʊ,0,0,7.2,24,290,8,3,1,2,1,1,2,1,1,0,2,1,1,0
Forretress,ˈfɔːɹətɹəs,0,0,125.8,0,465,9,3,1,1,1,2,0,0,1,0,3,2,0,1
Dunsparce,ˈdʌnspɑːɹs,0,0,14,59,415,9,2,1,0,1,0,0,1,1,1,3,4,0,0
Gligar,ˈɡlaɪɡɑːɹ,0,0,64.8,43,430,8,2,2,0,1,1,1,1,0,2,0,1,2,0
Steelix,ˈstiːlɪks,0,0,400,362,510,8,2,0,0,0,2,2,1,0,0,4,4,1,1
Snubbull,ˈsnʌbʊl,0,0,7.8,24,300,7,2,0,1,1,0,1,2,1,1,1,3,0,0
Granbull,ˈɡɹænbʊl,0,0,48.7,55,450,8,2,1,1,1,1,1,2,1,2,0,2,1,1
Qwilfish,ˈkwɪlfɪʃ,0,0,3.9,0,430,8,2,0,0,0,2,2,2,1,0,3,2,1,0
Scizor,ˈsɪzɔːɹ,0,0,118,71,500,6,2,1,1,1,1,1,0,0,1,1,2,0,1
Shuckle,ˈʃʌkəl,0,0,20.5,24,505,6,2,0,0,0,1,0,1,0,0,2,2,1,0
Heracross,ˈhɛɹəkɹɑːs,0,0,54,59,500,9,3,1,0,1,2,0,0,0,0,2,1,1,0
Sneasel,ˈsniːzəl,0,0,28,35,430,7,2,0,0,0,2,1,2,0,1,1,4,0,0
Teddiursa,tɛdiːˈɝːsə,0,0,8.8,24,330,8,4,0,0,0,3,1,0,0,1,2,3,0,0
Ursaring,ˈɝːsəɹɪŋ,0,0,125.8,71,500,7,3,0,0,0,2,1,1,0,0,1,1,1,1
Slugma,ˈslʌgmə,0,0,35,28,250,7,2,0,0,0,1,0,2,1,0,1,2,0,0
Magcargo,mæɡˈkɑːɹɡoʊ,0,0,55,31,410,10,4,2,2,2,1,1,1,1,2,1,0,3,1
Swinub,ˈswaɪnʌb,0,0,6.5,16,250,8,2,1,0,0,1,1,2,1,1,1,2,0,0
Piloswine,ˈpaɪloʊˌswaɪn,0,0,55.8,43,450,13,4,2,2,1,2,3,3,1,0,2,3,0,1
Corsola,ˈkɔːɹsələ,0,0,5,0,380,8,3,1,1,1,2,0,1,0,0,2,2,1,0
Remoraid,ˈɹɛməɹeɪd,0,0,12,24,300,9,4,0,0,0,4,1,1,1,1,0,1,0,0
Octillery,ɑːkˈtɪlɚiː,0,0,28.5,35,480,8,4,1,0,1,2,2,1,0,0,2,2,1,1
Delibird,ˈdɛliːbɚd,0,0,16,0,330,8,3,0,0,0,2,1,1,1,3,0,3,0,0
Mantine,ˈmæntiːn,0,0,220,83,465,7,2,1,0,0,2,1,3,1,0,1,3,0,1
Skarmory,ˈskɑːɹmɚiː,0,0,50.5,67,465,8,3,1,0,1,1,1,1,1,0,2,1,1,0
Houndour,ˈhaʊndaʊɚ,0,0,10.8,0,330,9,3,2,2,2,0,2,1,0,1,0,2,0,0
Houndoom,ˈhaʊnduːm,0,0,35,55,500,8,2,1,2,1,0,2,2,1,1,0,2,0,1
Kingdra,ˈkɪŋdɹə,0,0,152,0,540,7,2,0,0,0,2,1,1,0,1,1,1,2,1
Phanpy,ˈfænpiː,0,0,33.5,20,330,6,2,1,0,0,2,1,1,2,0,2,1,0,0
Donphan,ˈdɑːnfæn,0,0,120,0,500,7,2,2,0,1,1,0,2,1,1,1,3,0,1
Porygon2,ˌpɔːɹiːɡɑːnˈtuː,0,0,32.5,0,515,11,4,2,2,2,1,2,1,1,1,2,2,1,1
Stantler,ˈstæntlɚ,0,0,71.2,55,465,8,2,1,0,0,1,0,2,0,0,3,5,0,0
Smeargle,ˈsmɪɹɡəl,0,0,58,47,250,8,2,0,0,0,2,1,2,1,1,1,2,1,0
Tyrogue,ˈtaɪɹoʊɡ,1,0,21,28,210,8,3,1,2,1,1,2,0,0,1,1,1,1,0
Hitmontop,ˈhɪtmɑːntɑːp,0,0,48,55,455,10,3,2,0,2,1,1,2,2,0,3,3,0,1
Smoochum,ˈsmuːtʃəm,1,0,6,16,305,8,2,0,1,0,1,1,2,2,0,3,3,0,0
Elekid,ˈɛləkɪd,1,0,23.5,24,360,7,3,0,0,0,3,1,1,0,1,1,2,1,0
Magby,ˈmægbiː,1,0,21.4,28,365,6,2,1,0,0,2,1,1,2,1,0,0,0,0
Miltank,ˈmɪltæŋk,0,0,75.5,47,490,8,2,1,0,0,2,1,3,1,0,2,2,2,0
Blissey,ˈblɪsiː,0,0,46.8,59,540,6,2,0,0,0,2,2,1,1,1,1,2,0,1
Raikou,ˈɹaɪkoʊ,0,1,178,75,580,7,3,1,2,1,1,2,0,0,0,1,0,1,0
Entei,ˈɛnteɪ,0,1,198,83,580,6,3,0,0,0,3,1,1,0,0,1,2,0,0
Suicune,ˈswiːkuːn,0,1,187,79,580,7,2,0,1,0,1,2,2,0,0,2,2,1,0
Larvitar,ˈlɑːɹvətɑːɹ,0,0,72,24,300,9,3,2,0,2,1,0,1,1,1,1,2,0,0
Pupitar,ˈpjuːpətɑːɹ,0,0,152,0,410,9,3,1,1,1,1,1,1,2,0,3,1,0,1
Tyranitar,taɪˈɹænətɑːɹ,0,0,202,79,600,11,4,3,0,1,3,1,1,0,0,2,3,0,1
Lugia,ˈluːɡiːə,0,1,216,205,680,6,3,0,1,0,2,2,1,0,1,0,1,1,0
Ho-Oh,ˈhoʊʔoʊ,0,1,199,150,680,7,4,0,4,2,0,2,0,0,0,0,0,0,0
Celebi,ˈsɛləbiː,0,0,5,24,600,7,3,0,0,0,3,1,1,1,1,1,2,0,0
Treecko,ˈtɹiːkoʊ,0,0,5,20,310,7,3,0,2,1,1,2,0,0,0,2,1,1,0
Grovyle,ˈɡɹoʊvaɪl,0,0,21.6,35,405,9,3,1,2,1,1,2,1,1,2,0,1,1,1
Sceptile,ˈsɛptaɪl,0,0,52.2,67,530,8,2,1,0,0,2,1,1,1,0,3,3,0,1
Torchic,ˈtɔːɹtʃɪk,0,0,2.5,16,310,8,2,1,1,1,1,1,0,0,0,4,3,1,0
Combusken,kəmˈbʌskən,0,0,19.5,35,405,10,3,0,0,0,2,0,2,2,1,3,2,2,1
Blaziken,ˈbleɪzəkən,0,0,52,75,530,10,4,0,0,0,4,1,2,1,2,1,3,1,1
Mudkip,ˈmʌdkɪp,0,0,7.6,16,310,7,2,0,0,0,1,1,1,2,1,2,1,1,0
Marshtomp,ˈmɑːɹʃtɑːmp,0,0,28,28,405,9,2,2,0,2,0,0,2,3,0,3,2,0,1
Swampert,ˈswɑːmpɚt,0,0,81.9,59,535,8,2,1,0,1,0,0,2,2,0,3,2,0,1
Poochyena,ˌpuːtʃiːˈjɛnə,0,0,13.6,20,220,11,4,0,1,0,3,2,2,1,0,3,3,0,0
Mightyena,ˌmaɪtiːˈjɛnə,0,0,37,39,420,11,4,1,0,0,4,2,3,1,0,1,2,0,1
Zigzagoon,zɪɡzəˈɡuːn,0,0,17.5,16,240,9,3,0,1,0,2,2,1,0,4,0,3,2,0
Linoone,laɪˈnuːn,0,0,32.5,20,420,7,2,1,1,0,1,2,3,0,0,0,3,0,1
Wurmple,ˈwɝːmpəl,0,0,3.6,12,195,7,2,0,0,0,1,0,3,2,0,1,1,0,0
Silcoon,ˈsɪlkuːn,0,0,10,24,205,7,2,0,1,0,1,2,2,0,0,2,3,1,1
Beautifly,ˈbjuːtəflaɪ,0,0,28.4,39,385,10,3,1,1,0,2,2,2,2,1,2,2,0,1
Cascoon,ˈkæskuːn,0,0,11.5,28,205,7,2,1,1,0,1,1,1,0,0,3,2,2,1
Dustox,ˈdʌstɑːks,0,0,31.6,47,385,8,2,1,0,1,0,0,0,0,1,4,4,1,1
Lotad,ˈloʊtæd,0,0,2.6,20,220,7,3,1,2,1,1,1,1,0,1,1,3,0,0
Lombre,ˈlɑːmbɹeɪ,0,0,32.5,47,340,8,3,1,0,1,2,1,2,2,1,0,1,0,1
Ludicolo,ˌluːdiːˈkoʊloʊ,0,0,55,59,480,12,6,0,5,2,1,4,2,0,1,1,3,1,1
Seedot,ˈsiːdɑːt,0,0,4,20,220,6,2,1,0,1,1,1,0,0,1,2,3,0,0
Nuzleaf,ˈnʌzliːf,0,0,28,39,340,7,2,0,0,0,1,1,2,1,1,1,3,0,1
Shiftry,ˈʃɪftɹiː,0,0,59.6,51,480,7,2,0,0,0,2,2,0,1,0,3,2,0,1
Taillow,ˈteɪloʊ,0,0,2.3,12,270,7,4,0,2,1,2,2,1,0,0,1,2,0,0
Swellow,ˈswɛloʊ,0,0,19.8,28,430,7,3,0,2,1,1,1,2,0,0,1,2,0,1
Wingull,ˈwɪŋɡəl,0,0,9.5,24,270,7,2,0,0,0,2,1,3,0,1,0,1,2,0
Pelipper,ˈpɛlɪpɚ,0,0,28,47,430,7,3,0,0,0,2,1,1,2,0,2,1,0,1
Ralts,ˈɹɑːlts,0,0,6.6,16,198,6,1,1,0,1,0,0,1,0,0,2,3,0,0
Kirlia,ˈkɝːliːə,0,0,20.2,31,278,6,3,0,0,0,2,1,1,0,0,1,1,1,1
Gardevoir,ˈɡɑːɹdəvwɑːɹ,0,0,48.4,63,518,10,3,2,0,2,1,0,1,1,3,0,1,1,1
Surskit,ˈsɝːskɪt,0,0,1.7,20,269,7,2,0,0,0,1,1,0,0,0,4,3,1,0
Masquerain,mæskɚˈeɪn,0,0,3.6,31,414,9,4,1,0,0,3,1,2,1,0,2,2,1,1
Shroomish,ˈʃɹuːmɪʃ,0,0,4.5,16,295,7,2,0,1,0,1,2,1,1,0,2,2,0,0
Breloom,ˈbɹɛluːm,0,0,39.2,47,460,7,2,0,1,0,1,1,2,2,1,0,1,0,1
Slakoth,ˈslækɑːθ,0,0,24,31,280,7,2,2,0,1,1,0,1,0,0,3,2,1,0
Vigoroth,ˈvɪɡɚɑːθ,0,0,46.5,55,440,7,3,1,0,1,1,1,0,1,2,1,0,1,1
Slaking,ˈslækɪŋ,0,0,130.5,79,670,7,2,1,0,0,2,1,2,0,0,2,2,2,1
Nincada,nɪnˈkɑːdə,0,0,5.5,20,266,8,3,1,0,1,2,1,2,0,1,1,3,1,0
Ninjask,ˈnɪndʒæsk,0,0,12,31,456,9,2,1,0,0,2,1,2,0,2,2,5,1,1
Shedinja,ʃɛdˈɪndʒə,0,0,1.2,31,236,9,3,0,0,0,3,1,1,0,3,1,5,0,0
Whismur,ˈhwɪsmɚ,0,0,16.3,24,240,7,2,0,0,0,1,1,2,1,0,1,1,0,0
Loudred,ˈlaʊdɹɛd,0,0,40.5,39,360,8,2,1,1,1,1,1,1,0,2,0,3,0,1
Exploud,ɛkˈsplaʊd,0,0,84,59,480,9,2,1,1,1,1,1,1,1,1,3,3,1,1
Makuhita,ˌmɑːkuːˈhiːtə,0,0,86.4,39,237,10,4,1,1,1,2,2,1,1,0,2,1,1,0
Hariyama,ˌhɑːɹiːˈjɑːmə,0,0,253.8,91,474,10,4,2,0,2,2,1,2,1,0,0,0,0,1
Azurill,əˈzuːɹɪl,1,0,2,8,190,7,3,0,1,0,2,2,1,0,1,0,2,0,0
Nosepass,ˈnoʊzpæs,0,0,97,39,375,8,3,1,2,1,1,1,1,1,1,2,3,0,0
Skitty,ˈskɪtiː,0,0,11,24,260,6,2,0,0,0,2,2,0,0,0,3,2,1,0
Delcatty,ˈdɛlkætiː,0,0,32.6,43,380,8,3,1,0,0,3,1,1,0,1,2,3,1,1
Sableye,ˈseɪbəlaɪ,0,0,11,20,380,9,4,1,0,0,4,2,1,1,1,1,2,0,0
Mawile,ˈmɑːwaɪl,0,0,11.5,24,380,7,2,2,0,1,1,1,3,1,0,0,1,0,0
Aron,ˈɛɹɑːn,0,0,60,16,330,5,2,1,0,1,1,0,1,0,0,0,1,0,0
Lairon,ˈlɛɹɑːn,0,0,120,35,430,6,2,1,0,1,1,0,2,0,0,0,2,0,1
Aggron,ˈæɡɹɑːn,0,0,360,83,530,6,2,2,0,1,1,0,1,0,1,0,1,1,1
Meditite,ˈmɛdətaɪt,0,0,11.2,24,280,9,3,1,0,0,3,1,1,1,1,2,3,0,0
Medicham,ˈmɛdətʃæm,0,0,31.5,51,410,9,3,1,0,0,3,0,2,2,1,2,3,0,1
Electrike,ɪˈlɛktɹɑɪk,0,0,15.2,24,295,10,3,1,0,1,3,2,1,0,0,3,2,2,0
Manectric,meɪˈnɛktɹɪk,0,0,40.2,59,475,11,4,0,0,0,4,2,2,1,0,3,2,2,1
Plusle,ˈplʌsəl,0,0,4.2,16,405,7,2,0,0,0,1,0,2,1,0,2,3,0,0
Minun,ˈmaɪnən,0,0,4.2,16,405,7,2,1,0,0,2,1,3,1,0,0,2,0,0
Volbeat,ˈvoʊlbiːt,0,0,17.7,28,400,8,3,0,2,1,1,2,1,2,2,1,2,0,0
Illumise,ɪluˈmiːzeɪ,0,0,17.7,24,400,9,5,0,1,0,4,4,2,1,1,0,2,0,0
Roselia,ɹoʊˈzɛliːə,0,0,2,12,400,9,5,0,2,1,3,2,1,0,1,0,2,0,1
Gulpin,ˈɡʊlpɪn,0,0,10.3,16,302,7,2,0,1,1,1,2,2,1,1,1,2,1,0
Swalot,ˈswɑːlɑːt,0,0,80,67,467,7,2,2,0,2,0,0,2,0,0,2,3,0,1
Carvanha,kɑːɹˈvɑːnə,0,0,20.8,31,305,8,3,2,0,2,1,0,1,1,1,1,1,1,0
Sharpedo,ʃɑːɹˈpiːdoʊ,0,0,88.8,71,460,9,4,1,2,2,1,2,0,1,1,2,2,0,1
Wailmer,ˈweɪlmɚ,0,0,130,79,400,7,3,0,0,0,2,1,3,1,0,0,1,0,0
Wailord,ˈweɪlɔːɹd,0,0,398,571,500,8,3,1,1,1,2,1,2,0,1,0,2,0,1
Numel,ˈnʌməl,0,0,24,28,305,6,2,0,0,0,1,0,3,1,0,0,2,0,0
Camerupt,ˈkæmɚʌpt,0,0,220,75,460,8,3,1,0,0,1,0,1,2,0,3,1,1,1
Torkoal,ˈtɔːɹkoʊl,0,0,80.4,20,470,8,3,1,3,2,0,1,1,0,0,2,2,1,0
Spoink,spɔɪŋk,0,0,30.6,28,330,6,1,1,1,1,1,1,1,1,0,3,1,2,0
Grumpig,ˈɡɹʌmpɪɡ,0,0,71.5,35,470,8,2,0,0,0,1,1,1,2,2,1,0,2,1
Spinda,ˈspɪndə,0,0,5,43,360,7,2,0,0,0,2,1,1,1,1,2,3,0,0
Trapinch,ˈtɹæpɪntʃ,0,0,15,28,290,9,2,1,0,0,2,1,1,1,0,4,4,0,0
Vibrava,vaɪˈbɹɑːvə,0,0,15.3,43,340,9,3,2,0,1,2,1,0,3,3,0,0,0,1
Flygon,ˈflaɪɡɑːn,0,0,82,79,520,8,2,2,0,1,1,1,2,1,1,1,2,1,1
Cacnea,ˈkækniːə,0,0,51.3,16,335,7,3,1,0,0,3,1,1,0,0,2,1,2,0
Cacturne,ˈkæktɚn,0,0,77.4,51,475,7,2,1,0,0,1,0,1,0,0,3,2,2,1
Swablu,ˈswɑːbluː,0,0,1.2,16,310,7,2,1,1,1,0,1,2,1,1,1,2,0,0
Altaria,ɑːlˈtɑːɹiːə,0,0,20.6,43,490,8,4,2,0,2,2,1,1,0,0,1,2,0,1
Zangoose,ˈzæŋɡus,0,0,40.3,51,458,7,2,1,1,0,1,1,1,0,2,1,2,2,0
Seviper,səˈvaɪpɚ,0,0,52.5,106,458,8,3,1,0,0,2,1,0,2,1,2,1,0,0
Lunatone,ˈluːnətoʊn,0,0,168,39,440,9,4,0,3,1,1,2,3,0,0,1,4,0,0
Solrock,ˈsɔːlɹɑːk,0,0,154,47,440,7,2,2,1,2,0,0,1,0,0,2,2,1,0
Barboach,ˈbɑːɹboʊtʃ,0,0,1.9,16,288,9,3,1,2,2,0,1,0,2,2,2,2,0,0
Whiscash,ˈhwɪskæʃ,0,0,23.6,35,468,8,2,1,0,0,2,1,1,0,0,3,2,1,1
Corphish,ˈkɔːɹfɪʃ,0,0,11.5,24,308,7,2,1,1,1,1,1,0,1,0,3,1,1,0
Crawdaunt,ˈkrɑːdɑːnt,0,0,32.8,43,468,8,2,2,0,2,0,0,2,0,1,2,3,1,1
Baltoy,ˈbɑːltɔɪ,0,0,21.5,20,300,7,2,2,1,2,1,1,1,1,1,1,2,0,0
Claydol,ˈkleɪdɔl,0,0,108,59,500,8,3,1,1,1,2,1,2,0,1,1,3,1,1
Lileep,lɪlˈiːp,0,0,23.8,39,355,6,2,0,0,0,2,2,2,1,0,1,2,0,0
Cradily,kɹeɪˈdɪliː,0,0,60.4,59,495,9,4,0,0,0,4,3,1,0,1,1,2,1,1
Anorith,ˈænəɹɪθ,0,0,12.5,28,355,7,3,1,0,0,3,1,1,0,0,1,1,0,0
Armaldo,ɑːɹˈmɑːldoʊ,0,0,68.2,59,495,9,4,2,2,3,0,1,2,1,1,0,2,0,1
Feebas,ˈfiːbæs,0,0,7.4,24,200,6,2,1,0,0,2,1,0,2,1,2,1,0,0
Milotic,ˈmaɪloʊtɪk,0,0,162,244,540,10,4,1,2,1,2,3,2,1,0,2,2,1,1
Castform,ˈkæstfɔːɹm,0,0,0.8,12,420,9,2,2,1,1,1,0,1,2,0,4,2,1,0
Kecleon,ˈkɛkliːɑːn,0,0,22,39,440,8,3,1,0,1,2,1,2,0,0,2,2,2,0
Shuppet,ˈʃʌpət,0,0,2.3,24,295,6,2,0,0,0,1,0,0,1,0,3,2,0,0
Banette,beɪˈnɛt,0,0,12.5,43,455,7,3,0,0,0,3,1,1,1,1,1,2,0,1
Duskull,ˈdʌskəl,0,0,15,31,295,7,2,0,0,0,1,0,1,0,1,2,3,1,0
Dusclops,ˈdʌsklɑːps,0,0,30.6,63,455,9,2,1,0,1,0,0,1,1,1,4,4,1,1
Tropius,ˈtɹɑːpiːəs,0,0,100,79,460,8,3,1,0,1,2,1,0,1,0,3,2,0,0
Chimecho,tʃaɪˈmɛkoʊ,0,0,1,24,425,10,4,1,2,1,2,2,1,1,0,3,2,1,1
Absol,ˈæbsɔːl,0,0,47,47,465,6,2,2,1,1,1,0,1,1,1,1,2,0,0
Wynaut,ˈwaɪnɑːt,1,0,14,24,260,7,2,2,0,1,1,1,2,0,0,1,2,0,0
Snorunt,ˈsnoʊɹʌnt,0,0,16.8,28,300,9,3,0,2,1,0,1,2,0,0,2,4,0,0
Glalie,ˈɡleɪliː,0,0,256.5,59,480,7,3,0,0,0,3,2,2,0,1,0,2,1,1
Spheal,ˈsfiːl,0,0,39.5,31,290,5,1,0,0,0,1,1,1,1,0,2,2,0,0
Sealeo,ˈsiːliːoʊ,0,0,87.6,43,410,7,4,0,2,1,2,3,1,0,0,1,2,0,1
Walrein,ˈwɑːlɹeɪn,0,0,150.6,55,530,8,3,1,0,1,2,1,3,0,0,0,2,0,1
Clamperl,ˈklæmpɚl,0,0,52.5,16,345,8,2,1,0,0,1,0,3,2,0,2,2,1,0
Huntail,ˈhʌnteɪl,0,0,27,67,485,8,3,0,0,0,2,1,2,0,0,1,3,0,1
Gorebyss,ˈɡɔːɹəbɪs,0,0,22.6,71,485,8,3,1,1,1,2,1,0,1,2,1,1,1,1
Relicanth,ˈɹɛlɪkænθ,0,0,23.4,39,485,9,3,1,0,0,3,1,2,0,0,2,2,1,0
Luvdisc,ˈlʌvdɪsk,0,0,8.7,24,330,8,2,0,0,0,1,1,1,1,2,2,3,1,0
Bagon,ˈbeɪɡɑːn,0,0,42.1,24,300,7,3,1,0,1,2,1,1,1,2,0,1,1,0
Shelgon,ˈʃɛlɡɑːn,0,0,110.5,43,420,7,2,1,0,1,1,0,2,0,1,1,3,1,1
Salamence,ˈsæləmɛns,0,0,102.6,59,600,9,3,1,0,0,3,0,3,1,0,2,4,0,1
Beldum,ˈbɛldʌm,0,0,95.2,24,300,7,2,0,0,0,1,0,2,2,2,0,2,0,0
Metang,məˈtæŋ,0,0,202.5,47,420,6,2,1,0,0,2,0,2,1,0,1,1,1,1
Metagross,ˈmɛtəɡroʊs,0,0,550,63,600,10,4,0,2,1,2,1,2,1,1,2,2,1,1
Regirock,ˈɹɛdʒiːɹɑːk,0,1,230,67,580,9,3,1,0,1,2,1,0,0,2,1,2,1,0
Regice,ˈɹɛdʒaɪs,0,1,175,71,580,8,2,1,0,0,2,1,0,0,2,1,3,0,0
Registeel,ˈɹɛdʒiːstiːl,0,1,205,75,580,10,3,0,0,0,3,2,1,0,2,2,5,0,0
Latias,ˈlɑːtiːɑːs,0,1,40,55,600,7,3,2,0,2,1,1,1,0,0,2,3,0,0
Latios,ˈlɑːtiːoʊs,0,1,60,79,600,8,4,1,2,2,1,2,1,0,0,2,3,0,0
Kyogre,kaɪˈoʊɡɚ,0,1,352,177,670,8,4,1,2,1,1,2,0,0,1,1,0,2,0
Groudon,ˈɡɹaʊdɑːn,0,1,950,138,670,8,2,2,1,2,0,1,1,0,2,0,2,1,0
Rayquaza,ɹeɪˈkweɪzə,0,1,206.5,276,680,10,5,0,0,0,5,2,1,0,1,1,1,1,0
Jirachi,dʒɚˈɑːtʃiː,0,0,1.1,12,600,8,3,1,0,1,1,1,0,0,2,2,4,0,0
Deoxys,diːˈɑːksɪs,0,0,60.8,67,600,8,3,1,0,1,2,2,0,0,1,3,3,1,0
Turtwig,ˈtɝːtwɪɡ,0,0,10.2,16,318,7,2,0,0,0,1,1,1,0,1,2,2,1,0
Grotle,ˈɡɹɑːɾəl,0,0,97,43,405,7,2,1,0,1,1,0,1,0,1,0,1,1,1
Torterra,tɔːɹˈtɛɹə,0,0,310,87,525,8,3,1,1,1,2,0,0,0,0,2,2,0,1
Chimchar,ˈtʃɪmtʃɑːɹ,0,0,6.2,0,309,9,2,1,0,1,1,1,1,1,0,4,4,0,0
Monferno,mɑːnˈfɝːnoʊ,0,0,22,0,405,9,4,1,2,2,0,1,3,2,0,1,2,0,1
Infernape,ɪnˈfɝːneɪp,0,0,55,47,534,9,4,0,0,0,3,2,2,2,0,2,2,0,1
Piplup,ˈpɪplʌp,0,0,5.2,16,314,7,2,0,0,0,1,1,1,3,0,3,1,0,0
Prinplup,ˈpɹɪnplʌp,0,0,23,31,405,9,2,0,0,0,1,1,2,3,0,3,2,0,1
Empoleon,ɛmˈpɔːliːɑːn,0,0,84.5,67,530,9,4,2,1,2,2,1,3,2,0,1,2,0,1
Starly,ˈstɑːɹliː,0,0,2,12,245,7,2,1,0,1,1,1,1,0,0,2,3,0,0
Staravia,stɑːɹˈeɪviːə,0,0,15.5,24,340,10,5,1,0,1,4,2,0,1,1,2,2,0,1
Staraptor,stɑːɹˈæptɚ,0,0,24.9,47,475,9,3,2,0,1,1,0,0,1,0,4,3,0,1
Bidoof,ˈbiːduːf,0,0,20,20,250,6,2,0,1,0,1,2,0,2,2,1,1,0,0
Bibarel,ˈbiːbɛɹəl,0,0,31.5,39,410,8,3,0,0,0,3,1,1,2,2,0,1,0,1
Kricketot,ˈkɹɪkətɑːt,0,0,2.2,12,194,9,3,1,0,1,2,1,0,0,0,4,2,2,0
Kricketune,ˈkɹɪkətuːn,0,0,25.5,39,384,9,3,0,1,0,2,2,1,0,0,3,2,2,1
Shinx,ˈʃiːŋks,0,0,9.5,20,263,6,1,0,0,0,1,1,1,0,0,3,2,2,0
Luxio,ˈlʌksiːoʊ,0,0,30.5,35,363,8,4,0,2,1,1,2,1,0,0,2,2,1,1
Luxray,ˈlʌksɹeɪ,0,0,42,55,523,8,3,0,0,0,2,1,1,0,0,2,2,1,1
Budew,bəˈduː,1,0,1.2,8,280,5,2,0,1,0,1,1,0,1,2,0,1,0,0
Roserade,ˈɹoʊzɹeɪd,0,0,14.5,35,505,9,4,0,2,1,2,2,0,0,2,0,2,0,1
Cranidos,ˈkɹeɪniːdoʊs,0,0,31.5,35,350,11,5,0,2,1,3,3,1,0,1,2,3,1,0
Rampardos,ræmˈpɑːɹdoʊs,0,0,102.5,63,495,11,4,2,2,2,1,1,2,2,1,2,2,0,1
Shieldon,ˈʃiːldɑːn,0,0,57,20,350,7,2,1,0,1,1,1,2,0,1,1,4,0,0
Bastiodon,ˈbæstiːoʊdɑːn,0,0,149.5,51,495,11,5,2,2,2,2,2,1,1,2,2,4,0,1
Burmy,ˈbɝːmiː,0,0,3.4,8,224,5,2,0,0,0,1,1,1,2,1,0,0,0,0
Wormadam,ˈwɝːmədæm,0,0,6.5,20,424,8,3,1,0,0,2,0,3,2,1,0,1,0,1
Mothim,ˈmɑːθɪm,0,0,23.3,35,424,6,2,1,0,1,1,1,2,2,0,1,0,0,1
Combee,ˈkoʊmbiː,0,0,5.5,12,244,7,3,0,2,1,1,2,1,2,1,1,0,1,0
Vespiquen,ˈvɛspɪkwɛn,0,0,38.5,47,474,10,3,0,0,0,3,1,2,2,1,3,2,1,1
Pachirisu,pɑːtʃiˈɹiːsuː,0,0,3.9,16,405,10,4,1,1,1,2,3,0,1,0,4,3,0,0
Buizel,ˈbwiːzəl,0,0,29.5,28,330,7,2,0,0,0,2,1,2,1,2,0,2,0,0
Floatzel,ˈfloʊtsəl,0,0,33.5,43,495,9,3,0,2,1,1,1,2,1,0,3,4,0,1
Cherubi,tʃɚˈuːbiː,0,0,3.3,16,275,7,3,0,1,0,1,2,0,1,1,2,2,0,0
Cherrim,ˈtʃɛɹɪm,0,0,9.3,20,450,7,2,0,0,0,2,1,1,1,0,2,2,0,1
Shellos,ˈʃɛlɑːs,0,0,6.3,12,325,6,2,1,0,1,1,0,1,0,0,2,3,0,0
Gastrodon,ˈɡæstɹoʊdɑːn,0,0,29.9,35,475,11,4,2,2,2,1,1,1,0,2,2,4,1,1
Ambipom,ˈæmbɪpɑːm,0,0,20.3,47,482,8,3,2,0,1,2,1,2,4,1,1,0,0,1
Drifloon,ˈdɹɪfluːn,0,0,1.2,16,348,8,2,0,1,0,1,2,2,1,1,1,3,0,0
Drifblim,ˈdɹɪfblɪm,0,0,15,47,498,9,2,0,0,0,2,2,2,3,2,1,2,0,1
Buneary,bəˈnɪɹiː,0,0,5.5,16,350,7,3,0,0,0,3,2,1,1,1,0,1,0,0
Lopunny,ˈlɑːpəniː,0,0,33.3,47,480,7,3,1,0,1,2,1,2,1,0,1,2,0,1
Mismagius,mɪsˈmæɡiːəs,0,0,4.4,35,495,10,4,1,0,0,4,2,2,2,1,2,2,1,1
Honchkrow,ˈhɑːntʃkɹoʊ,0,0,27.3,35,505,10,3,1,2,2,0,1,1,0,0,3,3,1,1
Glameow,ˈɡlæmiːaʊ,0,0,3.9,20,310,8,3,2,1,1,2,2,2,1,1,0,1,1,0
Purugly,pɚˈʌɡliː,0,0,43.8,39,452,7,3,0,0,0,1,1,1,1,1,1,1,1,1
Chingling,ˈtʃɪŋlɪŋ,1,0,0.6,8,285,8,2,0,0,0,2,2,3,0,0,2,3,2,0
Stunky,ˈstʌŋkiː,0,0,19.2,16,329,7,2,0,0,0,1,1,1,0,0,3,2,2,0
Skuntank,ˈskʌntæŋk,0,0,38,39,479,9,2,1,0,0,1,0,2,0,0,4,3,3,1
Bronzor,ˈbɹɑːnzɔːɹ,0,0,60.5,20,300,8,2,2,1,2,0,0,1,1,2,0,2,0,0
Bronzong,ˈbɹɑːnzɑːŋ,0,0,187,51,500,8,2,2,0,2,0,0,2,1,2,0,2,1,1
Bonsly,ˈbɑːnslaɪ,1,0,15,20,290,8,2,2,0,1,1,1,2,1,1,1,3,0,0
Mime Jr.,maɪmˈdʒuːnjɚ,1,0,13,24,310,11,3,1,1,0,1,2,4,2,2,0,3,0,0
Happiny,həˈpiːniː,1,0,24.4,24,220,7,3,0,0,0,3,2,1,1,0,1,1,0,0
Chatot,ˈtʃætɑːt,0,0,1.9,20,411,7,2,2,0,1,1,0,0,0,0,4,4,0,0
Spiritomb,ˈspɪɹətuːm,0,0,108,39,485,9,3,0,1,0,2,2,1,2,0,3,2,0,0
Gible,ˈɡɪbəl,0,0,20.5,28,300,6,2,0,0,0,2,1,1,1,2,0,1,1,0
Gabite,ɡəˈbaɪt,0,0,56,55,410,7,2,1,0,0,2,1,0,1,2,1,1,1,1
Garchomp,ˈɡɑːɹtʃɑːmp,0,0,95,75,600,9,2,2,0,2,0,0,1,2,1,3,2,1,1
Munchlax,ˈmʌntʃlæks,1,0,105,24,390,10,2,1,0,0,1,0,3,1,0,4,5,1,0
Riolu,ɹiːˈoʊluː,1,0,20.2,28,285,7,4,0,3,1,1,3,1,0,0,0,1,0,0
Lucario,luːˈkɑːɹiːoʊ,0,0,54,47,525,9,5,1,3,2,1,3,1,0,0,1,1,1,1
Hippopotas,hɪpoʊpəˈtɑːs,0,0,49.5,31,330,11,5,1,2,2,2,2,0,2,0,4,2,0,0
Hippowdon,hɪˈpaʊdɑːn,0,0,300,79,525,9,3,2,1,2,1,2,1,1,1,1,2,0,1
Skorupi,skɔːɹˈuːpiː,0,0,12,31,330,8,3,1,2,1,1,2,0,1,0,3,1,1,0
Drapion,ˈdɹæpiːɑːn,0,0,61.5,51,500,8,3,2,0,1,2,1,1,1,1,1,2,0,1
Croagunk,ˈkɹoʊɡʌŋk,0,0,23,28,300,9,3,0,2,1,0,1,1,0,1,2,0,4,0
Toxicroak,ˈtɑːksɪkɹoʊk,0,0,44.4,51,490,11,4,1,2,2,1,2,0,0,0,5,2,3,1
Carnivine,ˈkɑːɹnɪvaɪn,0,0,27,55,454,10,3,2,0,1,2,2,2,1,1,1,2,1,0
Finneon,ˈfɪniːɑːn,0,0,7,16,330,7,3,1,0,1,2,2,2,1,0,1,2,0,0
Lumineon,luːˈmɪniːɑːn,0,0,24,47,460,9,4,1,1,1,2,3,4,1,0,0,3,0,1
Mantyke,ˈmæntɑɪk,1,0,65,39,345,8,2,2,0,1,2,1,2,1,0,2,2,1,0
Snover,ˈsnoʊvɚ,0,0,50.5,39,334,7,3,0,2,1,0,1,1,1,1,1,2,0,0
Abomasnow,əˈbɑːməsnoʊ,0,0,135.5,87,494,10,5,1,2,2,2,1,2,2,1,1,2,0,1
Weavile,ˈwiːvaɪl,0,0,34,43,510,7,2,1,0,0,2,2,2,1,1,0,1,0,1
Magnezone,ˈmæɡnəzoʊn,0,0,180,47,535,10,4,1,2,1,2,1,3,1,2,0,3,1,1
Lickilicky,ˌlɪkiːˈlɪkiː,0,0,140,67,515,10,4,0,0,0,4,4,2,0,0,2,2,2,1
Rhyperior,ˈɹɑːɪpɪɹiːɚ,0,0,282.8,94,535,9,5,1,0,1,3,3,0,1,0,1,0,0,1
Tangrowth,ˈtæŋɡroʊθ,0,0,128.6,79,535,9,3,1,2,1,1,1,2,0,1,2,1,2,1
Electivire,ɪˈlɛktəvɑɪɹ,0,0,138.6,71,540,11,4,1,0,1,4,2,1,1,1,2,2,1,1
Magmortar,mæɡˈmɔːɹtɚ,0,0,68,63,540,9,3,2,1,1,1,0,2,2,1,1,1,1,1
Togekiss,ˈtoʊɡəkɪs,0,0,38,59,545,9,4,0,2,1,2,2,0,0,1,3,2,2,1
Yanmega,jænˈmɛɡə,0,0,51.5,75,515,8,3,1,0,0,3,0,3,1,1,0,1,1,1
Leafeon,ˈliːfiːɑːn,0,0,25.5,39,525,7,3,1,0,1,2,2,2,1,0,1,2,0,1
Glaceon,ˈɡleɪsiːɑːn,0,0,25.9,31,525,9,4,1,0,1,3,2,2,0,1,1,3,1,1
Gliscor,ˈɡlaɪskɔːɹ,0,0,42.5,79,510,9,2,2,1,1,1,1,1,0,1,2,2,2,1
Mamoswine,ˈmæmoʊswaɪn,0,0,291,98,530,11,4,2,2,1,2,2,4,2,0,1,2,0,1
Porygon-Z,ˌpɔːɹiːɡɑːnˈziː,0,0,34,35,535,11,4,2,1,2,2,2,1,1,2,1,2,1,1
Gallade,ɡəˈleɪd,0,0,52,63,518,7,3,0,0,0,3,1,1,0,2,0,2,1,1
Probopass,ˈpɹoʊboʊpæs,0,0,340,55,525,11,5,1,4,2,1,2,0,3,1,3,1,0,1
Dusknoir,ˈdʌsknwɑːɹ,0,0,106.6,87,525,9,2,1,0,1,0,0,2,0,1,2,3,1,1
Froslass,ˈfɹɑːslæs,0,0,26.6,51,480,8,2,2,0,1,1,0,1,1,0,3,3,0,1
Rotom,ˈɹoʊtɑːm,0,0,0.3,12,440,7,3,1,2,2,0,1,1,1,0,1,1,0,0
Uxie,ˈjuːksiː,0,1,0.3,12,580,6,2,0,1,0,1,2,1,0,0,2,1,1,0
Mesprit,ˈmɛspɹɪt,0,1,0.3,12,580,8,2,0,0,0,2,1,1,2,0,3,2,0,0
Azelf,ˈæzɛlf,0,1,0.3,12,580,6,2,1,0,0,2,0,1,1,1,1,2,0,0
Dialga,diːˈɑːlɡə,0,1,683,213,680,7,3,1,0,1,2,1,1,0,2,0,2,1,0
Palkia,ˈpɑːlkiːə,0,1,336,165,680,7,3,1,0,1,2,1,1,1,0,2,1,1,0
Heatran,ˈhiːtɹæn,0,1,430,67,600,7,2,1,0,0,2,1,1,0,0,1,2,0,0
Regigigas,ˌɹɛdʒiːˈɡiːɡəs,0,1,420,146,670,12,4,0,0,0,4,2,0,0,4,1,3,2,0
Giratina,ˌɡɪɹəˈtiːnə,0,1,750,177,680,10,4,0,0,0,4,2,1,0,1,1,2,1,0
Cresselia,kɹɛsˈɛliːə,0,1,85.6,59,600,9,4,0,0,0,4,1,1,0,0,2,2,1,0
Phione,fiːˈoʊneɪ,0,0,3.1,16,480,8,5,0,2,1,3,3,1,1,0,1,1,0,0
Manaphy,ˈmænəfiː,0,0,1.4,12,600,7,3,1,0,0,3,1,2,2,0,1,1,0,0
Darkrai,ˈdɑːɹkɹaɪ,0,0,50.5,59,600,8,2,2,0,1,1,1,0,0,1,1,1,1,0
Shaymin,ˈʃeɪmɪn,0,0,2.1,8,600,7,3,0,0,0,3,2,2,1,0,1,2,0,0
Arceus,ˈɑːɹkiːəs,0,0,320,126,720,7,3,1,0,1,2,1,0,0,0,2,1,1,0
Victini,vɪkˈtiːniː,0,0,4,16,600,8,3,0,0,0,3,3,1,1,1,2,2,1,0
Snivy,ˈsnaɪviː,0,0,8.1,24,308,7,2,1,0,0,2,2,1,1,1,1,2,0,0
Servine,ˈsɝːvaɪn,0,0,16,31,413,7,2,1,0,0,1,1,1,1,1,1,2,0,1
Serperior,sɚˈpɪɹiːɚ,0,0,63,130,528,8,4,0,0,0,2,2,0,1,0,2,1,0,1
Tepig,ˈtɛpɪɡ,0,0,9.9,20,308,6,2,0,0,0,2,1,0,1,1,2,1,1,0
Pignite,pɪɡˈnaɪt,0,0,55.5,39,418,8,2,1,0,0,2,2,1,1,1,2,2,1,1
Emboar,ˈɛmbɔːɹ,0,0,150,63,528,6,2,1,1,1,1,0,1,2,1,0,0,0,1
Oshawott,ˈɑːʃəwɑːt,0,0,5.9,20,308,7,3,2,0,2,1,0,1,0,0,2,2,0,0
Dewott,ˈduwɑːt,0,0,24.5,31,413,6,2,1,1,1,0,1,1,0,1,1,2,0,1
Samurott,ˈsæmɚɑːt,0,0,94.6,59,528,7,3,2,0,1,1,0,1,1,0,2,2,0,1
Patrat,pəˈtɹæt,0,0,11.6,20,255,7,2,1,0,0,2,0,0,1,0,3,2,0,0
Watchog,ˈwɑːtʃɑːɡ,0,0,27,43,420,7,2,2,0,2,0,0,1,0,1,2,2,1,1
Lillipup,ˈlɪliːpʌp,0,0,4.1,16,275,8,3,0,0,0,2,2,2,2,0,2,2,0,0
Herdier,ˈhɝːdiːɚ,0,0,14.7,35,370,6,3,0,0,0,1,1,0,0,1,0,1,0,1
Stoutland,ˈstaʊtlənd,0,0,61,47,490,10,2,1,1,1,1,1,2,0,1,3,6,0,1
Purrloin,ˈpɝːlɔɪn,0,0,10.1,16,281,7,2,1,1,1,1,1,2,1,0,1,2,0,0
Liepard,ˈlaɪpɚd,0,0,37.5,43,446,7,2,1,0,0,1,1,1,1,1,1,2,0,1
Pansage,ˈpænseɪdʒ,0,0,10.5,24,316,9,3,1,0,0,3,1,1,1,2,2,4,0,0
Simisage,ˈsɪmiːseɪdʒ,0,0,30.5,43,498,10,4,0,0,0,4,3,1,1,2,2,4,0,1
Pansear,ˈpænsɪɹ,0,0,11,24,316,7,2,1,0,0,2,1,1,1,0,2,2,0,0
Simisear,ˈsɪmiːsɪɹ,0,0,28,39,498,8,3,0,0,0,3,3,1,1,0,2,2,0,1
Panpour,ˈpænpɔːɹ,0,0,13.5,24,316,7,2,2,1,1,1,0,1,2,0,2,1,0,0
Simipour,ˈsɪmiːpɔːɹ,0,0,29,39,498,8,3,1,1,1,2,2,1,2,0,2,1,0,1
Munna,ˈmuːnə,0,0,23.3,24,292,5,2,0,1,0,1,1,2,1,0,0,1,0,0
Musharna,muːˈʃɑːɹnə,0,0,60.5,43,487,8,3,1,1,1,1,1,2,1,0,1,2,0,1
Pidove,piːˈdʌv,0,0,2.1,12,264,6,2,0,0,0,1,1,0,2,2,1,1,0,0
Tranquill,ˈtɹæŋkwɪl,0,0,15,24,358,9,2,1,0,0,2,1,3,0,0,2,2,2,1
Unfezant,ʌnˈfɛzənt,0,0,29,47,478,9,3,0,0,0,2,0,2,1,1,2,4,0,1
Blitzle,ˈblɪtsəl,0,0,29.8,31,295,8,2,0,0,0,2,1,2,1,1,2,4,0,0
Zebstrika,zɛbˈstɹaɪkə,0,0,79.5,63,497,11,3,1,0,0,3,1,0,1,2,3,3,1,1
Roggenrola,ˌɹɑːɡənˈɹoʊlə,0,0,18,16,280,12,5,1,2,2,2,1,2,0,1,0,2,1,0
Boldore,ˈboʊldɔːɹ,0,0,102,35,390,8,3,1,3,2,0,1,1,1,2,0,2,0,1
Gigalith,ˈɡɪɡəlɪθ,0,0,260,67,505,8,3,0,0,0,3,2,1,0,2,1,1,2,1
Woobat,ˈwuːbæt,0,0,2.1,16,313,6,2,1,1,0,1,1,1,1,1,1,1,0,0
Swoobat,ˈswuːbæt,0,0,10.5,35,425,7,2,1,1,0,1,1,1,1,1,2,2,0,1
Drilbur,ˈdɹɪlbɚ,0,0,8.5,12,328,7,2,0,0,0,1,1,1,1,2,0,2,0,0
Excadrill,ˈɛksədrɪl,0,0,40.4,28,508,9,3,0,0,0,3,1,2,0,1,2,3,1,1
Audino,ˈɑːdɪnoʊ,0,0,31,43,445,7,4,1,2,2,1,2,1,0,1,0,2,0,0
Timburr,ˈtɪmbɚ,0,0,12.5,24,305,6,2,0,0,0,1,1,1,2,1,1,1,0,0
Gurdurr,ˈɡɝːdɚ,0,0,40,47,405,5,2,0,0,0,0,0,0,0,2,0,1,1,1
Conkeldurr,kɑːŋˈkɛldɚ,0,0,87,55,505,9,3,1,0,1,1,0,2,0,1,2,2,3,1
Tympole,ˈtɪmpɔːl,0,0,4.5,20,294,7,2,1,1,1,1,1,2,2,0,2,2,0,0
Palpitoad,ˈpælpətoʊd,0,0,17,31,384,10,4,1,2,1,2,1,1,2,1,3,3,0,1
Seismitoad,ˈsaɪzmətoʊd,0,0,62,59,499,11,4,1,2,1,2,2,1,1,2,2,4,0,1
Throh,ˈθɹoʊ,0,0,55.5,51,465,5,2,0,2,1,0,1,0,0,0,1,0,0,0
Sawk,ˈsɑːk,0,0,51,55,465,4,1,1,0,1,0,0,0,0,0,2,1,1,0
Sewaddle,səˈwɑːdəl,0,0,2.5,12,310,8,3,1,0,1,2,0,2,0,1,1,3,0,0
Swadloon,swɑːdˈluːn,0,0,7.3,20,380,8,2,1,1,1,0,1,3,0,1,1,4,0,1
Leavanny,liːˈvæniː,0,0,20.5,47,490,7,3,1,0,0,3,2,2,1,1,0,2,0,1
Venipede,ˈvɛnɪpiːd,0,0,5.3,16,260,8,3,0,0,0,3,2,1,2,2,1,2,0,0
Whirlipede,ˈhwɝːlɪpiːd,0,0,58.5,47,360,9,3,0,0,0,2,2,2,1,1,1,2,0,1
Scolipede,ˈskoʊlɪpiːd,0,0,200.5,98,475,10,4,0,2,1,2,3,1,1,1,3,3,1,1
Cottonee,ˈkɑːʔəniː,0,0,0.6,12,280,7,3,1,0,1,2,1,1,0,0,1,1,1,0
Whimsicott,ˈhwɪmsɪkɑːt,0,0,6.6,28,480,10,3,1,0,1,2,2,2,1,0,3,2,1,1
Petilil,ˈpɛɾəlɪl,0,0,6.6,20,280,8,3,0,0,0,3,1,2,1,0,1,2,0,0
Lilligant,ˈlɪləɡənt,0,0,16.3,43,480,9,3,0,0,0,3,1,3,0,1,1,4,1,1
Basculin,ˈbæskjuːlɪn,0,0,18,39,460,10,3,1,1,0,2,2,3,1,1,2,3,1,0
Sandile,ˈsændaɪl,0,0,15.2,28,292,8,2,2,0,0,2,1,2,0,1,1,4,0,0
Krokorok,ˈkɹɑːkoʊɹɑːk,0,0,33.4,39,351,10,4,2,2,3,0,1,0,0,0,3,0,3,1
Krookodile,ˈkɹʊkoʊdaɪl,0,0,96.3,59,509,11,4,1,3,2,1,3,1,0,1,2,2,2,1
Darumaka,dɑːɹuːˈmɑːkə,0,0,37.5,24,315,9,4,2,1,2,1,1,1,1,1,1,1,1,0
Darmanitan,dɑːɹˈmænɪtæn,0,0,92.9,51,480,11,4,3,0,1,3,1,3,1,1,1,4,0,1
Maractus,məˈɹæktəs,0,0,28,39,461,9,3,1,0,0,3,0,1,1,0,3,2,1,0
Dwebble,ˈdwɛbəl,0,0,14.5,12,325,7,2,0,0,0,2,0,2,1,2,0,2,0,0
Crustle,ˈkɹʌstəl,0,0,200,55,475,8,2,0,0,0,1,0,1,0,0,3,3,1,1
Scraggy,ˈskɹæɡiː,0,0,11.8,24,348,7,2,1,0,0,2,1,0,0,1,2,1,2,0
Scrafty,ˈskɹæftiː,0,0,30,43,488,8,2,1,0,0,2,1,0,1,0,4,2,1,1
Sigilyph,ˈsɪdʒəlɪf,0,0,14,55,490,9,3,0,0,0,3,2,1,1,2,2,4,0,0
Yamask,ˈjɑːmæsk,0,0,1.5,20,303,7,2,2,0,1,1,0,2,1,0,2,1,1,0
Cofagrigus,ˌkɑːfəˈɡɹiːɡəs,0,0,76.5,67,483,12,4,1,0,1,3,1,0,1,2,3,1,3,1
Tirtouga,tɪɹˈtuːɡə,0,0,16.5,28,355,8,3,0,1,0,2,2,0,0,1,2,2,1,0
Carracosta,ˌkɑːɹəˈkɑːstə,0,0,81,47,495,11,4,2,0,2,2,0,0,0,0,4,2,2,1
Archen,ˈɑːɹkən,0,0,9.5,20,401,6,2,1,0,1,1,0,1,0,0,1,1,1,0
Archeops,ˈɑːɹkiːɑːps,0,0,32,55,567,8,3,2,0,2,1,1,0,1,0,3,1,1,1
Trubbish,ˈtɹʌbɪʃ,0,0,31,24,329,7,2,0,0,0,1,1,0,1,1,2,2,0,0
Garbodor,ɡɑːɹˈboʊdɚ,0,0,107.3,75,474,9,4,1,2,2,0,1,0,1,3,0,1,1,1
Zorua,ˈzɔːɹuːə,0,0,12.5,28,330,6,3,1,2,1,1,1,0,0,1,0,1,0,0
Zoroark,ˈzɔːɹoʊɑːɹk,0,0,81.1,63,510,9,4,2,3,3,0,1,0,0,1,1,1,1,1
Minccino,mɪnˈtʃiːnoʊ,0,0,5.8,16,300,10,4,0,2,1,2,3,3,1,0,2,4,0,0
Cinccino,tʃɪnˈtʃiːnoʊ,0,0,7.5,20,470,11,4,0,2,1,2,3,2,0,0,4,6,0,1
Gothita,ɡɑːθˈiːɾə,0,0,5.8,16,290,7,3,1,0,1,2,1,0,0,1,1,0,1,0
Gothorita,ˌɡɑːθɔːɹˈiːɾə,0,0,18,28,390,10,4,2,1,2,2,1,0,0,1,1,0,1,1
Gothitelle,ˈɡɑːθɪtɛl,0,0,44,59,490,8,3,1,0,1,2,1,1,0,1,2,2,1,1
Solosis,soʊˈloʊsɪs,0,0,1,12,290,10,5,0,4,2,1,3,1,0,0,3,4,0,0
Duosion,duːˈoʊʒən,0,0,8,24,370,8,4,0,3,1,1,2,1,0,2,0,3,0,1
Reuniclus,ˌɹiːjuːˈniːkləs,0,0,20.1,39,490,12,4,0,1,0,3,3,3,0,0,2,3,1,1
Ducklett,ˈdʌklət,0,0,5.5,20,305,7,2,0,0,0,1,0,1,0,1,2,3,1,0
Swanna,ˈswɑːnə,0,0,24.2,51,473,6,2,1,0,1,1,0,2,0,0,1,2,0,1
Vanillite,vəˈnɪlaɪt,0,0,5.7,16,305,9,3,1,0,0,3,2,2,1,1,1,3,0,0
Vanillish,vəˈnɪlɪʃ,0,0,41,43,395,8,3,0,0,0,3,2,2,1,1,1,3,0,1
Vanilluxe,vəˈnɪlʌks,0,0,57.5,51,535,9,3,0,0,0,2,1,2,1,1,2,3,1,1
Deerling,ˈdɪɹlɪŋ,0,0,19.5,24,335,7,2,0,0,0,2,2,2,0,1,0,2,1,0
Sawsbuck,ˈsɑːzbʌk,0,0,92.5,75,475,7,2,1,0,1,0,0,0,1,2,2,2,1,1
Emolga,əˈmɔːlɡə,0,0,5,16,428,7,3,1,1,1,2,0,2,1,1,0,1,1,0
Karrablast,ˈkɑːɹəblæst,0,0,5.9,20,315,10,3,2,0,1,2,0,1,1,1,3,3,1,0
Escavalier,ˌɛskævəˈlɪɹ,0,0,33,39,495,11,4,1,0,0,4,1,1,1,1,2,2,1,1
Foongus,ˈfuːŋɡəs,0,0,1,8,294,7,2,0,1,0,1,1,1,1,1,2,1,2,0
Amoonguss,əˈmuːŋɡəs,0,0,10.5,24,464,8,3,0,1,0,2,1,2,1,1,1,1,2,1
Frillish,ˈfɹɪlɪʃ,0,0,33,47,335,7,2,0,0,0,2,2,1,1,0,2,2,0,0
Jellicent,ˈdʒɛlɪsənt,0,0,135,87,480,10,3,0,0,0,3,1,2,0,2,2,6,0,1
Alomomola,əˌloʊməˈmoʊlə,0,0,31.6,47,470,13,7,0,4,2,3,2,4,2,0,0,2,0,0
Joltik,ˈdʒɔːltɪk,0,0,0.6,4,319,8,2,1,1,1,1,1,1,0,2,2,4,1,0
Galvantula,ɡælˈvæntʃuːlə,0,0,14.3,31,472,12,4,2,1,0,3,1,3,1,2,2,5,1,1
Ferroseed,fɚˈɑːsiːd,0,0,18.8,24,305,7,3,1,0,1,1,1,0,1,1,2,2,0,0
Ferrothorn,fɚˈɑːθɔːɹn,0,0,110,39,489,8,3,2,1,2,0,0,1,1,0,2,1,0,1
Klink,ˈklɪŋk,0,0,21,12,300,6,1,0,0,0,1,1,2,0,0,2,1,3,0
Klang,ˈklæŋ,0,0,51,24,440,5,1,1,0,0,1,0,2,0,0,1,1,2,1
Klinklang,ˈklɪŋklæŋ,0,0,81,24,520,9,2,1,0,0,2,1,4,0,0,2,2,4,1
Tynamo,ˈtaɪnəmoʊ,0,0,0.3,8,275,9,4,1,2,1,2,2,2,1,0,1,2,0,0
Eelektrik,ˈiːlɛktɹɪk,0,0,22,47,405,9,3,0,0,0,3,2,1,0,0,3,2,2,1
Eelektross,ˈiːlɛktɹaːs,0,0,80.5,83,515,9,3,1,0,0,2,1,1,0,0,3,3,1,1
Elgyem,ˈɛldʒiːjɛm,0,0,9,20,335,9,3,0,0,0,3,1,3,1,2,0,3,0,0
Beheeyem,ˈbiːhiːjɛm,0,0,34.5,39,485,8,3,0,0,0,3,2,2,2,1,0,0,0,1
Litwick,ˈlɪtwɪk,0,0,3.1,12,275,7,2,0,0,0,2,2,2,0,0,2,2,1,0
Lampent,ˈlæmpɛnt,0,0,13,24,370,8,2,1,0,0,2,0,3,2,0,2,3,0,1
Chandelure,ʃændəˈlʊəɹ,0,0,34.3,39,520,10,3,1,1,1,3,1,2,0,1,1,4,0,1
Axew,ˈæksjuː,0,0,18,24,320,6,2,1,1,0,1,1,1,0,0,2,1,1,0
Fraxure,ˈfɹækʃɚ,0,0,36,39,410,7,2,1,0,0,1,0,0,1,0,3,1,1,1
Haxorus,ˈhæksɔːɹəs,0,0,105.5,71,540,9,3,2,1,1,2,0,0,0,0,3,2,1,1
Cubchoo,ˈkʌbtʃuː,0,0,8.5,20,305,7,2,0,1,0,0,1,0,1,1,3,2,1,0
Beartic,ˈbɛɹtɪk,0,0,260,102,485,7,2,0,0,0,2,1,0,1,1,2,1,1,1
Cryogonal,kɹaɪˈɑːɡənəl,0,0,148,43,485,11,4,2,0,1,3,1,2,0,1,1,2,2,0
Shelmet,ˈʃɛlmət,0,0,7.7,16,305,7,2,0,0,0,2,0,2,1,0,2,3,0,0
Accelgor,ækˈsɛlɡɔːɹ,0,0,25.3,31,495,9,3,2,1,1,2,0,1,0,1,2,2,2,1
Stunfisk,ˈstʌnfɪsk,0,0,11,28,471,9,2,0,0,0,1,1,1,1,0,5,4,1,0
Mienfoo,ˈmiːnfuː,0,0,20,35,350,6,2,0,1,0,1,2,2,2,0,1,1,0,0
Mienshao,ˈmiːnʃaʊ,0,0,35.5,55,510,7,2,1,1,1,1,2,2,1,0,1,2,0,1
Druddigon,ˈdɹʌdɪɡən,0,0,139,63,485,9,3,0,0,0,2,1,1,0,3,0,3,1,0
Golett,ˈɡɔːlɛt,0,0,92,39,303,6,2,1,1,1,1,0,1,0,1,1,2,1,0
Golurk,ˈɡɔːlɚk,0,0,330,110,483,6,2,1,1,1,0,0,1,0,1,1,1,2,1
Pawniard,ˈpɑːnjɑːɹd,0,0,10.2,20,340,8,2,2,0,2,0,0,2,1,1,1,2,0,0
Bisharp,ˈbɪʃɑːɹp,0,0,70,63,490,7,2,1,0,1,1,1,0,2,1,2,1,0,1
Bouffalant,ˈbuːfəlɑːnt,0,0,94.6,63,490,9,3,1,1,1,1,1,2,2,1,2,3,0,0
Rufflet,ˈɹʌflət,0,0,10.5,20,350,7,2,0,0,0,1,0,1,1,0,2,2,0,0
Braviary,ˈbɹeɪviːɛɹiː,0,0,41,59,510,10,5,0,0,0,5,3,0,2,2,0,0,0,1
Vullaby,ˈvʌləbaɪ,0,0,9,20,370,8,3,1,0,0,2,1,1,2,2,0,1,0,0
Mandibuzz,ˈmændɪbʌz,0,0,39.5,47,510,9,3,1,0,0,2,1,2,2,3,0,3,0,1
Heatmor,ˈhiːʔmɔːɹ,0,0,58,55,484,7,2,1,1,1,1,1,1,1,0,0,0,0,0
Durant,dɚˈænt,0,0,33,12,484,6,2,1,0,0,1,0,1,0,1,1,3,0,0
Deino,ˈdaɪnoʊ,0,0,17.3,31,300,7,3,1,2,1,1,2,1,0,1,0,2,0,0
Zweilous,ˈzvaɪləs,0,0,50,55,420,8,2,1,0,0,2,1,1,1,2,1,3,0,1
Hydreigon,̩haɪˈdraɪɡən,0,0,160,71,600,12,3,2,0,0,3,2,2,0,2,0,2,1,1
Larvesta,lɑːɹˈvɛstə,0,0,28.8,43,360,9,3,1,0,1,2,0,1,1,1,2,3,0,0
Volcarona,ˌvɑːlkəˈɹoʊnə,0,0,46,63,550,12,5,1,2,2,2,1,2,1,1,1,2,1,1
Cobalion,koʊˈbeɪliːən,0,1,250,83,580,11,6,0,2,1,4,3,2,1,1,1,2,1,0
Terrakion,tɚˈækiːən,0,1,260,75,580,8,4,1,0,0,3,1,1,0,0,2,2,1,0
Virizion,vɚˈaɪziːən,0,1,200,79,580,9,4,1,0,0,3,2,1,1,2,0,2,0,0
Tornadus,tɔːɹˈneɪdəs,0,1,63,59,580,10,4,1,1,1,3,1,1,0,1,2,4,0,0
Thundurus,ˈθʌndɚəs,0,1,61,59,580,8,3,0,0,0,1,0,1,0,1,2,3,0,0
Reshiram,ˈɹɛʃəɹæm,0,1,330,126,680,8,3,1,0,0,3,0,1,1,0,1,1,0,0
Zekrom,ˈzɛkɹɑːm,0,1,345,114,680,7,2,1,0,1,1,0,1,1,1,1,1,1,0
Landorus,ˈlændɚəs,0,1,68,59,600,8,3,1,0,0,2,0,2,0,1,1,4,0,0
Kyurem,ˈkjuːɹɛm,0,1,325,118,660,7,2,0,1,0,1,1,2,1,0,1,0,1,0
Keldeo,ˈkɛldiːoʊ,0,0,48.5,55,580,8,4,0,2,1,2,2,1,0,1,1,2,1,0
Meloetta,ˌmɛloʊˈɛɾə,0,0,6.5,24,600,10,5,0,2,1,3,1,2,1,0,0,1,0,0
Genesect,ˈdʒɛnəsɛkt,0,0,82.5,59,600,10,3,0,0,0,3,0,1,0,2,3,5,1,0
Chespin,ˈtʃɛspɪn,0,0,9,16,313,8,2,0,0,0,2,1,1,1,0,4,4,0,0
Quilladin,ˈkwɪlədɪn,0,0,29,28,405,9,3,0,0,0,3,2,3,0,1,1,3,1,1
Chesnaught,ˈtʃɛsnɑːt,0,0,90,63,530,8,2,1,0,1,1,0,1,0,0,4,5,0,1
Fennekin,ˈfɛnəkɪn,0,0,9.4,16,307,8,3,0,0,0,3,1,2,1,0,2,2,1,0
Braixen,ˈbɹeɪksɪn,0,0,14.5,39,409,9,3,0,0,0,3,2,1,1,1,2,2,1,1
Delphox,ˈdɛlfɑːks,0,0,39,59,534,8,2,1,0,1,1,0,1,1,1,3,3,1,1
Froakie,ˈfɹoʊkiː,0,0,7,12,314,7,3,0,2,1,1,2,0,1,0,2,0,1,0
Frogadier,fɹɑːɡəˈdɪɹ,0,0,10.9,24,405,9,3,1,0,1,2,1,0,1,2,1,1,1,1
Greninja,ɡɹəˈnɪndʒə,0,0,40,59,530,10,3,0,0,0,3,1,2,0,3,0,4,1,1
Bunnelby,ˈbʌnəlbiː,0,0,5,16,237,8,3,0,0,0,2,1,2,2,2,0,2,0,0
Diggersby,ˈdɪɡɚzbiː,0,0,42.4,39,423,8,3,0,0,0,2,2,0,1,4,0,2,1,1
Fletchling,ˈflɛtʃlɪŋ,0,0,1.7,12,278,9,2,0,0,0,2,1,3,1,0,3,4,1,0
Fletchinder,ˈflɛtʃɪndɚ,0,0,16,28,382,10,3,0,0,0,2,1,2,1,1,3,5,0,1
Talonflame,ˈtælənfleɪm,0,0,24.5,47,499,11,4,1,0,0,4,1,4,2,0,2,4,0,1
Scatterbug,ˈskætɚbʌɡ,0,0,2.5,12,200,9,3,1,0,0,1,0,0,1,2,3,2,2,0
Spewpa,ˈspjuːpə,0,0,8.4,12,213,7,2,0,1,0,1,1,1,2,0,3,1,0,1
Vivillon,ˈvɪviːjɑːn,0,0,17,47,411,8,3,1,0,1,2,2,2,2,2,0,1,0,1
Litleo,ˈlɪtliːoʊ,0,0,13.5,24,369,8,4,0,2,1,2,3,2,0,0,1,3,0,0
Pyroar,ˈpaɪɹɔːɹ,0,0,81.5,59,507,7,2,2,1,1,1,1,0,1,0,1,0,0,1
Flabébé,fləˈbeɪbeɪ,0,0,0.1,4,303,10,5,0,0,0,5,2,1,3,2,1,1,0,0
Floette,floʊˈɛt,0,0,0.9,8,371,7,3,0,2,1,1,1,1,1,0,2,2,0,1
Florges,ˈflɔːɹdʒɪs,0,0,10,43,552,9,2,1,1,1,1,1,1,1,2,2,4,0,1
Skiddo,skɪˈduː,0,0,31,35,350,6,2,0,1,0,1,2,0,0,1,2,2,1,0
Gogoat,ˈɡoʊɡoʊt,0,0,91,67,531,8,4,0,4,2,0,2,0,0,2,1,1,2,1
Pancham,ˈpæntʃəm,0,0,8,24,348,8,2,1,0,0,2,0,2,2,0,3,3,0,0
Pangoro,ˈpæŋɡɚoʊ,0,0,136,83,495,8,4,1,2,1,1,1,1,1,1,1,0,2,1
Furfrou,ˈfɝːfɹuː,0,0,28,47,472,6,2,0,1,0,0,1,0,2,0,2,0,0,0
Espurr,ˈɛspɚ,0,0,3.5,12,355,5,2,0,0,0,1,0,0,1,0,2,1,0,0
Meowstic,miˈaʊstɪk,0,0,8.5,24,466,9,3,1,1,1,2,3,1,1,0,3,2,1,1
Honedge,ˈhoʊnɛdʒ,0,0,2,31,325,8,3,0,2,1,1,1,1,0,2,0,3,0,0
Doublade,ˈdʌbleɪd,0,0,4.5,31,448,8,3,0,0,0,2,1,1,1,3,0,3,0,1
Aegislash,ˈiːdʒɪslæʃ,0,0,53,67,520,9,3,1,0,0,3,2,1,0,2,2,5,0,1
Spritzee,ˈspɹɪtsiː,0,0,0.5,8,341,8,2,0,0,0,2,2,0,1,0,4,3,0,0
Aromatisse,əɹoʊməˈtiːs,0,0,15.5,31,462,10,5,0,2,1,3,2,1,1,0,2,2,0,1
Swirlix,ˈswɝːlɪks,0,0,3.5,16,341,8,2,0,0,0,1,1,2,0,0,3,3,1,0
Slurpuff,ˈslɝːpʌf,0,0,5,31,480,7,2,0,0,0,0,0,1,2,0,3,2,0,1
Inkay,ˈɪŋkeɪ,0,0,3.5,16,288,6,3,0,0,0,3,2,1,0,0,1,0,2,0
Malamar,ˈmæləmɑːɹ,0,0,47,59,482,8,3,2,0,1,2,0,3,2,0,0,1,0,1
Binacle,ˈbaɪnəkəl,0,0,31,20,306,9,3,1,0,0,3,1,2,1,1,1,2,1,0
Barbaracle,bɑːɹˈbɛɹəkəl,0,0,96,51,500,11,4,1,0,1,3,0,1,2,2,1,1,1,1
Skrelp,ˈskɹɛlp,0,0,7.3,20,320,7,1,0,0,0,1,0,1,1,0,3,2,1,0
Dragalge,dɹəˈɡældʒiː,0,0,81.5,71,494,10,3,1,0,0,3,1,1,0,4,0,4,1,1
Clauncher,ˈklɑːntʃɚ,0,0,8.3,20,330,8,2,1,0,1,0,0,2,0,0,3,4,1,0
Clawitzer,ˈklɑːwɪtsɚ,0,0,35.3,51,500,9,3,1,0,1,1,1,2,0,0,3,3,1,1
Helioptile,hiːliːˈɑːptaɪl,0,0,6,20,289,11,4,2,0,1,3,3,2,1,0,2,3,0,0
Heliolisk,ˈhiːliːoʊlɪsk,0,0,21,39,481,11,5,0,2,1,3,4,2,0,0,2,3,1,1
Tyrunt,ˈtaɪɹʌnt,0,0,26,31,362,8,2,1,0,0,1,1,1,0,0,2,3,0,0
Tyrantrum,taɪˈɹæntɹʌm,0,0,270,98,521,11,3,2,0,0,2,1,2,1,0,2,3,0,1
Amaura,əˈmɔːɹə,0,0,25.2,51,362,6,3,1,1,1,2,0,1,1,0,0,0,0,0
Aurorus,əˈɹɔːɹəs,0,0,225,106,521,7,3,1,1,1,2,0,0,0,0,1,1,0,1
Sylveon,ˈsɪlviːɑːn,0,0,23.5,39,525,8,3,1,0,1,2,2,2,1,1,1,3,0,1
Hawlucha,hɑːˈluːtʃə,0,0,21.5,31,500,8,3,1,1,1,1,1,1,0,0,2,3,0,0
Dedenne,dəˈdɛneɪ,0,0,2.2,8,431,8,4,0,0,0,4,1,1,0,2,0,3,0,0
Carbink,ˈkɑːɹbɪŋk,0,0,5.7,12,500,8,2,1,0,1,1,1,1,1,1,2,0,3,0
Goomy,ˈɡuːmiː,0,0,2.8,12,300,5,2,0,1,0,1,2,1,1,1,0,0,1,0
Sliggoo,ˈslɪɡuː,0,0,17.5,31,452,6,2,0,1,0,1,2,1,0,1,1,2,1,1
Goodra,ˈɡuːdɹə,0,0,150.5,79,600,6,2,0,1,0,1,1,0,0,2,0,1,1,1
Klefki,ˈklɛfkiː,0,0,3,8,470,7,2,0,0,0,2,1,1,1,0,3,1,2,0
Phantump,ˈfæntʌmp,0,0,7,16,309,8,2,1,0,0,1,0,2,3,0,3,2,0,0
Trevenant,ˈtɹɛvənɪnt,0,0,71,59,474,10,3,0,0,0,3,1,2,1,1,2,4,0,1
Pumpkaboo,ˈpʌmpkəbuː,0,0,3.5,12,335,9,3,0,1,0,1,1,1,4,1,3,0,1,0
Gourgeist,ˈɡɔːɹɡaɪst,0,0,9.5,28,494,9,2,2,1,1,1,1,0,0,2,2,2,2,1
Bergmite,ˈbɝːɡmaɪt,0,0,99.5,39,304,8,2,1,0,0,1,1,1,2,2,1,1,1,0
Avalugg,ˈævəlʌɡ,0,0,505,79,514,7,3,1,0,0,2,0,1,1,2,0,1,1,1
Noibat,ˈnɔɪbæt,0,0,8,20,245,7,2,2,1,1,2,1,1,1,1,1,2,0,0
Noivern,ˈnɔɪvɚn,0,0,85,59,535,7,2,1,1,1,1,1,2,1,1,0,2,0,1
Xerneas,ˈzɝːniːəs,0,1,215,118,680,7,3,0,0,0,2,1,1,0,1,1,3,0,0
Yveltal,iːˈvɛltɑːl,0,1,203,228,680,8,3,1,0,1,2,1,2,1,1,1,3,0,0
Zygarde,ˈzaɪɡɑːɹd,0,1,305,197,600,8,2,2,0,1,1,1,0,0,3,0,2,1,0
Diancie,daɪˈɑːnsiː,0,0,8.8,28,600,8,3,2,0,1,2,2,1,0,1,1,3,0,0
Hoopa,ˈhuːpə,0,0,9,20,600,5,2,0,1,0,1,1,0,1,0,1,0,0,0
Volcanion,vɑːlˈkaɪniːən,0,0,195,67,600,11,4,2,0,1,3,2,3,1,1,1,3,1,0
Rowlet,ˈɹaʊlət,0,0,1.5,12,320,7,2,1,1,1,1,1,1,0,0,1,2,0,0
Dartrix,ˈdɑːɹtrɪks,0,0,16,28,420,9,2,1,0,1,1,1,1,0,1,3,3,1,1
Decidueye,dɪˈsɪdʒjuːaɪ,0,0,36.6,63,530,11,4,1,1,0,3,4,1,0,3,1,4,0,1
Litten,ˈlɪɾən,0,0,4.3,16,320,6,2,0,0,0,2,1,2,0,0,0,2,0,0
Torracat,ˈtɔːɹəkæt,0,0,25,28,420,8,3,2,1,1,2,0,0,0,0,3,2,1,1
Incineroar,ɪnˈsɪnəɹɔːɹ,0,0,83,71,530,10,4,1,1,1,3,2,2,0,0,1,3,0,1
Popplio,ˈpɑːpliːoʊ,0,0,7.5,16,320,8,4,1,2,2,1,2,1,2,0,2,1,0,0
Brionne,bɹiːˈɑːn,0,0,17.5,24,420,6,2,1,0,1,1,1,1,1,1,0,1,0,1
Primarina,ˌpɹiːməˈɹinə,0,0,44,71,530,11,4,0,0,0,4,2,2,2,0,1,1,0,1
Pikipek,ˈpɪkiːpɛk,0,0,1.2,12,265,8,3,0,0,0,3,2,0,2,0,4,0,2,0
Trumbeak,ˈtɹʌmːbiːk,0,0,14.8,24,355,8,2,0,0,0,1,1,1,2,1,2,1,1,1
Toucannon,tuːˈkænən,0,0,26,43,485,8,3,1,1,0,2,1,2,0,0,2,3,1,1
Yungoos,ˈjʌŋɡuːs,0,0,6,16,253,7,2,0,1,0,0,1,2,0,1,1,1,2,0
Gumshoos,ˈɡʌmʃuːz,0,0,14.2,28,418,7,2,0,1,0,0,1,1,1,2,1,2,1,1
Grubbin,ˈɡɹʌbɪn,0,0,4.4,16,300,7,2,0,0,0,1,1,1,1,2,0,1,1,0
Charjabug,ˈtʃɑːɹdʒəbʌɡ,0,0,10.5,20,400,11,3,1,0,1,1,0,0,1,4,2,4,1,1
Vikavolt,ˈvaɪːkəvɔːlt,0,0,45,59,500,10,3,2,1,1,2,1,1,2,2,2,2,1,1
Crabrawler,kɹæbˈɹɑːlɚ,0,0,7,24,338,9,3,2,0,1,1,0,1,1,1,1,1,1,0
Crabominable,kræbˈɑːmɪnəbəl,0,0,180,67,478,13,5,2,0,1,4,1,4,3,2,1,2,1,1
Oricorio,ˌɔːɹɪˈkɔːɹiːoʊ,0,0,3.4,24,476,11,6,2,4,3,2,3,0,0,0,1,0,1,0
Cutiefly,ˈkjutiːflaɪ,0,0,0.2,4,304,10,3,1,1,0,2,3,2,1,0,3,2,1,0
Ribombee,ɹəˈbɑːmbiː,0,0,0.5,8,464,8,3,1,0,1,2,1,1,3,2,0,0,0,1
Rockruff,ˈɹɑːkɹʌf,0,0,9.2,20,280,7,2,1,0,1,0,0,0,1,0,2,0,1,0
Lycanroc,ˈlaɪkənɹɑːk,0,0,25,31,487,10,3,2,0,1,2,1,2,0,0,2,2,2,1
Wishiwashi,ˈwɪʃiːˌwɑːʃi,0,0,0.3,8,175,10,4,1,0,1,3,3,2,0,0,2,2,0,0
Mareanie,məˈɹiːniː,0,0,8,16,305,7,3,0,0,0,3,2,2,1,0,0,1,0,0
Toxapex,ˈtɑːksəpɛks,0,0,14.5,28,495,10,3,1,0,1,2,0,0,1,0,6,3,2,1
Mudbray,ˈmʌdbɹeɪ,0,0,110,39,385,8,3,0,0,0,2,1,1,2,2,0,1,0,0
Mudsdale,ˈmʌdzdeɪl,0,0,920,98,500,9,3,0,0,0,2,1,2,1,3,0,4,0,1
Dewpider,ˈduːpədɚ,0,0,4,12,269,7,3,0,1,0,1,1,0,1,2,1,2,0,0
Araquanid,əˈɹæːkwənɪd,0,0,82,71,454,10,4,1,0,0,4,1,2,0,1,1,2,1,1
Fomantis,foʊˈmæntɪs,0,0,1.5,12,250,10,4,1,2,1,2,2,2,2,0,3,3,0,0
Lurantis,lɚˈæntɪs,0,0,18.5,35,480,8,3,1,0,0,2,1,2,0,0,2,4,0,1
Morelull,ˈmɔːɹəlʊl,0,0,1.5,8,285,8,3,1,2,2,1,1,3,1,0,0,2,0,0
Shiinotic,ʃiːˈnɑːtɪk,0,0,11.5,39,405,8,3,1,0,1,2,2,1,0,0,3,3,1,1
Salandit,səˈlændɪt,0,0,4.8,24,320,9,3,1,0,0,3,1,2,0,1,2,5,0,0
Salazzle,səˈlæzəl,0,0,22.2,47,480,8,3,1,0,0,3,0,2,0,1,1,4,0,1
Stufful,ˈstʌfəl,0,0,6.8,20,340,7,2,0,0,0,1,0,1,1,0,3,3,0,0
Bewear,bəˈwɛɹ,0,0,135,83,500,6,2,0,0,0,2,0,1,1,1,0,0,0,1
Bounsweet,ˈbaʊnswiːt,0,0,3.2,12,210,9,2,1,1,1,1,2,2,1,1,2,3,0,0
Steenee,ˈstiːniː,0,0,8.2,28,290,6,2,0,0,0,2,2,1,0,0,2,3,0,1
Tsareena,zɑːˈɹiːnə,0,0,21.4,47,510,7,3,1,0,1,2,1,1,0,1,0,2,0,1
Comfey,ˈkʌmfeɪ,0,0,0.3,4,485,7,3,0,0,0,2,1,1,2,0,2,0,1,0
Oranguru,əˈɹæŋɡəɹuː,0,0,76,59,490,9,4,1,1,0,3,1,1,0,1,0,0,2,0
Passimian,ˌpæˈsɪmiːən,0,0,82.8,79,490,10,4,1,0,0,4,2,2,2,0,2,2,0,0
Wimpod,ˈwɪmpɑːd,0,0,12,20,230,7,2,1,0,1,1,1,2,2,1,1,1,0,0
Golisopod,gəˈlaɪsoʊpɑːd,0,0,108,79,530,12,5,2,2,2,2,2,1,1,1,2,3,0,1
Sandygast,ˈsændiːɡæst,0,0,70,20,320,10,3,2,0,0,3,1,1,0,2,3,5,1,0
Palossand,ˈpæləsænd,0,0,250,51,480,9,3,2,0,0,3,0,2,1,1,2,4,0,1
Pyukumuku,ˌpjuːkuːˈmuːkuː,0,0,1.2,12,410,11,4,0,4,0,0,4,2,2,0,3,0,2,0
Type: Null,ˌtaɪpˈnʊl,0,1,120.5,75,534,9,2,1,1,1,1,2,2,1,0,2,3,0,0
Silvally,sɪlˈvælaɪː,0,1,100.5,91,570,9,3,2,0,0,3,2,2,1,1,1,3,0,1
Minior,ˈmɪniːɔːɹ,0,0,40,12,440,7,3,1,1,1,2,2,2,1,0,0,1,0,0
Komala,koʊˈmɑːlə,0,0,19.9,16,480,8,4,1,2,2,1,1,2,1,0,1,1,1,0
Turtonator,ˈtɝːɾəneɪɾɚ,0,0,212,79,485,10,5,0,0,0,3,1,1,0,0,1,2,0,0
Togedemaru,ˌtoʊɡədɛˈmɑːɹuː,0,0,3.3,12,435,13,6,1,3,2,2,2,1,1,2,1,2,1,0
Mimikyu,ˈmiːmiːkjuː,0,0,0.7,8,476,8,3,0,1,0,2,3,3,2,0,1,0,1,0
Bruxish,ˈbɹʌksɪʃ,0,0,19,35,475,8,2,0,0,0,1,1,0,1,1,3,2,1,0
Drampa,ˈdɹæmpə,0,0,185,118,485,7,2,1,0,0,2,0,1,2,1,1,1,0,0
Dhelmise,dɛlˈmaɪz,0,0,210,154,517,8,2,1,0,0,2,1,2,1,2,0,3,0,0
Jangmo-o,ˈdʒæŋmoʊˌʔoʊ,0,0,29.7,24,300,12,5,1,4,2,1,2,2,1,2,0,2,1,0
Hakamo-o,ˌhɑːkəˈmoʊʔoʊ,0,0,47,47,420,12,6,1,4,3,1,2,1,1,0,1,0,1,1
Kommo-o,ˈkoʊmoʊˌʔoʊ,0,0,78.2,63,600,11,6,0,6,3,0,3,1,1,0,1,0,1,1
Tapu Koko,ˌtɑːpuːˈkoʊkoʊ,0,1,20.5,71,570,12,6,1,5,3,0,3,0,1,0,4,1,2,0
Tapu Lele,ˌtɑːpuːˈleɪleɪ,0,1,18.6,47,570,12,6,1,1,1,4,3,2,1,0,2,3,0,0
Tapu Bulu,ˌtɑːpuːˈbuːluː,0,1,45.5,75,570,10,4,1,3,1,0,3,1,2,1,2,2,0,0
Tapu Fini,ˌtɑːpuːˈfiːniː,0,1,21.2,51,570,10,4,1,1,1,2,3,1,2,0,3,2,0,0
Cosmog,ˈkɑːzmɑːɡ,0,1,0.1,8,200,7,2,2,0,2,0,0,1,1,2,1,1,2,0
Cosmoem,ˈkɑːzmoʊɛm,0,1,999.9,4,400,9,4,1,2,2,1,1,2,2,1,1,1,1,1
Solgaleo,ˌsoʊlɡəˈleɪoʊ,0,1,230,134,680,13,7,0,4,2,3,3,2,0,1,1,3,1,1
Lunala,luːˈnɑːlə,0,1,120,157,680,7,3,1,1,1,1,1,3,0,0,0,3,0,1
Nihilego,ˌnaɪəːˈliːɡoʊ,0,0,55.5,47,570,11,5,1,2,1,3,3,2,0,1,0,2,1,0
Buzzwole,ˈbʌzwɔːl,0,0,333.6,94,570,7,2,1,1,1,0,0,2,1,2,0,2,0,0
Pheromosa,ˌfɛɹəˈmoʊsə,0,0,25,71,570,11,5,0,2,1,3,1,1,2,0,2,1,0,0
Xurkitree,ˈzɝkɪtriː,0,0,100,150,570,8,3,0,0,0,2,2,1,0,1,2,2,1,0
Celesteela,ˌsɛləˈstiːlə,0,0,999.9,362,570,11,4,0,0,0,4,1,2,0,0,3,5,0,0
Kartana,kɑːɹˈtɑːnə,0,0,0.1,12,570,8,3,2,0,2,1,0,1,0,0,2,2,1,0
Guzzlord,ˈɡʌzlɔːɹd,0,0,888,217,570,8,2,1,1,1,0,0,1,0,3,0,3,1,0
Necrozma,nɛˈkɹoʊzmə,0,1,230,94,600,10,4,0,2,1,2,1,2,1,1,1,2,1,0
Magearna,məˈɡɪɹnə,0,0,80.5,39,600,8,3,0,0,0,3,1,2,1,1,0,1,1,0
Marshadow,ˈmɑːɹʃædoʊ,0,0,22.2,28,600,9,4,2,2,2,1,1,1,1,1,1,2,0,0
Poipole,ˈpɔːɪpɔl,0,0,1.8,24,420,7,3,2,2,2,1,1,1,2,0,2,1,0,0
Naganadel,ˌnɑːgəˈnɑːdəl,0,0,150,142,540,11,4,2,0,2,2,0,3,0,1,0,4,0,1
Stakataka,ˌstækəˈtækə,0,0,820,217,570,11,4,2,0,0,4,0,0,0,0,5,3,2,0
Blacephalon,bləˈsɛfəlɑːn,0,0,13,71,570,11,4,1,0,1,3,0,3,2,1,2,4,0,0
Zeraora,ˌzɛɹəʔˈɔːɹə,0,0,44.5,59,600,10,4,1,1,1,3,0,0,0,1,0,1,0,0
Meltan,ˈmɛltæn,0,0,8,8,300,7,2,1,0,0,2,0,3,1,0,1,3,0,0
Melmetal,ˈmɛlmɛɾəl,0,0,800,98,600,9,3,0,0,0,3,0,4,2,0,0,2,0,1
Grookey,ˈɡɹuːkiː,0,0,5,12,310,6,2,0,1,0,1,2,0,0,1,1,0,2,0
Thwackey,ˈθwækiː,0,0,14,28,420,6,2,1,0,0,2,1,1,0,0,2,0,1,1
Rillaboom,ˈɹɪləbuːm,0,0,90,83,530,8,3,0,1,0,2,2,2,2,1,0,1,0,1
Scorbunny,ˈskɔːɹbʌniː,0,0,4.5,12,310,9,3,1,1,1,1,1,1,1,1,2,2,1,0
Raboot,ˈɹæbuːt,0,0,9,24,420,6,2,1,1,0,1,1,0,1,1,1,1,0,1
Cinderace,ˈsɪndɚeɪs,0,0,33,55,530,9,4,0,0,0,3,2,1,0,1,2,4,0,1
Sobble,ˈsɑːbəl,0,0,4,12,310,6,2,1,0,1,1,0,1,1,1,1,2,0,0
Drizzile,ˈdɹɪzaɪl,0,0,11.5,28,420,8,2,1,0,0,2,2,1,0,2,0,3,0,1
Inteleon,ɪnˈtɛliːən,0,0,45.2,75,530,9,4,0,0,0,4,2,3,0,0,1,4,0,1
Skwovet,ˈskwʌːvət,0,0,2.5,12,275,8,2,0,0,0,1,0,1,1,1,3,2,1,0
Greedent,ˈɡɹiːdənt,0,0,6,24,460,8,2,0,0,0,2,1,1,0,2,1,3,1,1
Rookidee,ˈɹʊkədiː,0,0,1.8,8,245,7,3,0,1,1,2,2,0,0,1,1,1,1,0
Corvisquire,ˈkɔːɹvəskwaɪɹ,0,0,16,31,365,12,3,2,1,1,2,1,1,1,1,3,1,2,1
Corviknight,ˈkɔːɹvənaɪt,0,0,75,87,495,10,3,2,1,1,2,1,1,1,1,2,2,1,1
Blipbug,ˈblɪpbʌɡ,0,0,8,16,180,8,2,0,0,0,1,1,1,3,3,1,1,1,0
Dottler,ˈdɑːtlɚ,0,0,19.5,16,335,6,2,1,0,1,0,0,1,0,1,1,3,0,1
Orbeetle,ˈɔɹbiːɾəl,0,0,40.8,16,505,8,3,1,1,1,2,1,1,1,1,0,1,0,1
Nickit,ˈnɪkət,0,0,8.9,24,245,6,2,0,0,0,2,1,1,0,0,2,2,1,0
Thievul,ˈθiːvəl,0,0,19.9,47,455,6,2,0,0,0,2,1,1,1,1,1,1,0,1
Gossifleur,ˈɡɑːsəflɚ,0,0,2.2,16,250,8,3,1,0,1,1,0,1,1,1,2,2,1,0
Eldegoss,ˈɛldəɡɑːs,0,0,2.5,20,460,8,3,1,0,1,2,0,1,0,2,1,3,1,1
Wooloo,ˈwuːluː,0,0,6,24,270,5,2,0,2,0,0,2,2,0,0,0,1,0,0
Dubwool,ˈdʌbwʊl,0,0,43,51,490,7,2,0,1,1,0,1,2,1,2,0,2,0,1
Chewtle,ˈtʃuːɾəl,0,0,8.5,12,284,7,2,0,1,0,1,1,1,0,0,2,3,0,0
Drednaw,ˈdɹɛdnɑː,0,0,115.5,39,485,7,2,1,0,1,1,0,1,0,2,0,3,0,1
Yamper,ˈjæmpɚ,0,0,13.5,12,270,6,2,1,0,0,1,0,2,2,0,1,0,0,0
Boltund,ˈbɔːltənd,0,0,34,39,490,8,2,1,1,1,1,0,2,1,2,1,4,0,1
Rolycoly,ˌɹɔːliːˈkɔːliː,0,0,12,12,240,10,4,2,2,2,2,2,2,0,0,1,2,1,0
Carkol,ˈkɑɹkɔːl,0,0,78,43,410,7,2,2,1,2,0,0,1,0,0,2,1,2,1
Coalossal,kɔːlˈɑːsəl,0,0,310.5,110,510,8,3,2,1,2,1,0,2,0,0,2,3,1,1
Applin,ˈæplɪn,0,0,0.5,8,260,6,2,1,0,0,2,1,2,1,0,1,2,0,0
Flapple,ˈflæpəl,0,0,1,12,485,7,2,1,0,0,2,0,2,2,0,2,2,0,1
Appletun,ˈæpəltən,0,0,13,16,485,8,3,1,0,0,3,0,2,1,0,2,3,0,1
Silicobra,sɪləˈkoʊbɹə,0,0,7.6,87,315,11,5,0,2,1,3,2,1,1,1,2,2,1,0
Sandaconda,sændəkɑːndə,0,0,65.5,150,510,10,4,2,0,1,3,0,2,0,2,2,5,1,1
Cramorant,ˈkɹæmɚənt,0,0,18,31,475,9,3,1,0,0,2,0,2,1,0,2,2,1,0
Arrokuda,ˌɛrəˈkuːdə,0,0,1,20,280,9,4,0,1,0,3,1,1,0,1,1,1,1,0
Barraskewda,ˌbɛrəˈskjuːdə,0,0,30,51,490,12,4,0,1,0,3,1,2,1,2,2,2,1,1
Toxel,tɑːksəl,1,0,11,16,242,6,2,1,0,1,1,0,1,0,0,3,3,1,0
Toxtricity,tɑksˈtɹɪsətiː,0,0,40,63,502,12,4,1,0,1,3,2,0,0,0,6,5,1,1
Sizzlipede,ˈsɪzləpiːd,0,0,1,28,305,9,3,0,0,0,3,2,1,1,2,2,4,0,0
Centiskorch,ˈsɛntəskɔːɹtʃ,0,0,120,118,525,12,3,1,1,1,2,0,1,0,0,6,6,1,1
Clobbopus,ˈklɑːbəpʊs,0,0,4,24,310,9,3,1,1,2,1,1,1,2,1,3,2,1,0
Grapploct,ˈɡɹæplɑːkt,0,0,39,63,480,9,2,2,0,1,1,0,1,1,1,3,2,2,1
Sinistea,ˈsɪnəstiː,0,0,0.2,4,308,8,3,0,0,0,3,2,1,0,0,3,4,0,0
Polteageist,ˈpɔːltiːɡaɪst,0,0,0.4,8,508,11,3,2,1,1,2,2,1,1,1,4,4,1,1
Hatenna,həˈtɛnə,0,0,3.4,16,265,7,3,0,0,0,3,0,1,0,0,1,2,0,0
Hattrem,ˈhætɹɛm,0,0,4.8,24,370,7,2,1,0,0,2,0,1,1,0,1,1,0,1
Hatterene,ˈhætɚiːn,0,0,5.1,83,510,7,3,1,0,0,2,1,1,0,0,1,2,0,1
Impidimp,ˈɪmpɪdɪmp,0,0,5.5,16,265,9,3,0,0,0,3,3,2,4,1,2,1,0,0
Morgrem,ˈmɔːɹɡɹɛm,0,0,12.5,31,370,8,2,1,1,1,1,0,2,2,1,0,0,1,1
Grimmsnarl,ˈɡɹɪmsnɑɹl,0,0,61,59,510,10,2,1,0,1,1,1,3,1,1,1,3,1,1
Obstagoon,ˈɑːbstəɡuːn,0,0,46,63,520,9,3,1,1,1,1,1,1,1,2,2,3,1,1
Perrserker,pɚˈsɝkɚ,0,0,28,31,440,7,3,0,0,0,0,0,0,1,0,3,1,1,1
Cursola,ˈkɝsələ,0,0,0.4,39,510,7,3,0,0,0,2,0,1,0,0,2,2,1,1
Sirfetch'd,sɝˈfɛtʃt,0,0,117,31,507,8,2,0,0,0,1,0,0,1,0,5,4,0,1
Mr. Rime,ˌmɪstɚˈɹaɪm,0,0,58.2,59,520,11,3,1,0,0,2,2,2,2,0,2,2,0,1
Runerigus,ɹuːnɛˈɹiːɡəs,0,0,66.6,63,483,10,4,0,1,0,3,2,1,0,1,1,2,1,1
Milcery,ˈmɪlsɚiː,0,0,0.3,8,270,7,3,0,0,0,2,2,2,1,0,1,2,0,0
Alcremie,ˈælkɹəmiː,0,0,0.5,12,495,8,3,1,0,0,3,1,2,1,0,1,1,1,1
Falinks,ˈfeɪlɪŋks,0,0,62,118,470,9,3,0,0,0,3,2,2,1,0,3,2,2,0
Pincurchin,pɪnˈkɚtʃən,0,0,1,12,435,10,3,0,0,0,2,1,2,1,0,4,4,1,0
Snom,ˈsnɑːm,0,0,3.8,12,185,5,1,1,0,1,0,0,2,1,0,1,2,0,0
Frosmoth,ˈfɹɑːsmɑːθ,0,0,42,51,475,8,2,2,0,2,0,0,1,2,0,3,1,0,1
Stonjourner,ˈstoʊndʒɚnɚ,0,0,520,98,470,11,4,0,2,1,0,1,2,0,2,2,6,0,0
Eiscue,ˈaɪskju,0,0,89,55,470,7,2,1,1,0,1,2,1,0,0,2,1,1,0
Indeedee,ɪnˈdiːdiː,0,0,28,35,475,7,3,0,0,0,3,3,1,0,2,0,3,0,0
Morpeko,mɔːɹˈpɛkoʊ,0,0,3,12,436,9,4,1,3,2,1,1,1,2,0,2,0,1,0
Cufant,ˈkjuːfənt,0,0,100,47,330,8,2,0,1,0,1,1,2,1,0,3,2,1,0
Copperajah,ˌkɑːpɚɑːʒə,0,0,650,118,500,8,4,2,0,2,1,0,0,1,1,2,1,1,1
Dracozolt,ˈdɹækəzɔːlt,0,0,190,71,505,10,3,2,1,1,2,0,1,0,2,2,4,1,0
Arctozolt,ˈɑɹktəzɔːlt,0,0,150,91,505,10,3,2,1,2,1,0,1,0,1,3,4,1,0
Dracovish,ˈdɹækəvɪʃ,0,0,215,91,505,9,3,1,0,0,3,1,0,1,2,2,2,1,0
Arctovish,ˈɑɹktəvɪʃ,0,0,175,79,505,9,3,1,0,1,2,1,0,1,1,3,2,1,0
Duraludon,dɚˈælədɑn,0,0,40,71,535,9,4,2,0,1,2,0,2,0,2,0,4,0,0
Dreepy,ˈdɹiːpiː,0,0,2,20,270,6,2,0,0,0,2,2,0,1,1,1,1,0,0
Drakloak,ˈdɹækloʊk,0,0,11,55,410,9,3,1,2,1,1,1,1,0,1,2,2,2,1
Dragapult,ˈdɹæɡəpʊlt,0,0,50,118,600,10,3,1,1,1,2,1,1,1,2,2,3,1,1
Zacian,ˈzɑːʃiːən,0,1,110,110,670,7,3,1,0,1,2,1,1,0,1,1,3,0,0
Zamazenta,ˌzɑːməˈzɛntə,0,1,210,114,670,11,4,1,0,1,3,0,2,1,2,1,4,0,0
Eternatus,ɪˈtɝnətəs,0,1,950,787,690,9,4,0,0,0,3,1,1,0,0,3,4,0,0
Kubfu,kʌbˈfuː,0,1,12,24,385,6,2,0,1,0,0,1,0,2,1,2,0,1,0
Urshifu,ˈɝʃiːfuː,0,1,105,75,550,6,3,0,1,0,1,2,0,1,0,2,1,0,1
Zarude,zɑːˈɹuːd,0,0,70,71,600,6,2,1,1,1,0,1,0,0,2,0,2,0,0
Regieleki,ˌɹɛdʒiːəˈlɛkiː,0,1,145,47,580,12,5,0,0,0,5,2,1,0,2,1,3,1,0
Regidrago,ˌɹɛdʒiːˈdɹɛɪɡoʊ,0,1,200,83,580,14,5,0,2,1,4,3,0,0,4,0,3,1,0
Glastrier,ˈɡlæstɹiːɚ,0,1,800,87,580,9,3,1,0,0,2,1,1,0,1,2,3,1,0
Spectrier,ˈspɛktɹiːɚ,0,1,44.5,79,580,9,3,0,0,0,2,1,0,1,0,4,2,1,0
Calyrex,ˈkæləɹɛks,0,1,7.7,43,500,9,3,1,0,0,3,0,1,0,0,3,2,2,0
Wyrdeer,ˈwɪɹdɪɹ,0,0,95.1,71,525,7,2,0,0,0,2,2,1,0,1,0,1,0,1
Kleavor,ˈkliːvɔːɹ,0,0,89,71,500,7,2,1,1,1,1,1,1,1,1,1,1,1,1
Ursaluna,ˌɝsəˈluːnə,0,0,290,94,550,9,4,0,1,0,2,1,2,0,0,1,3,0,1
Basculegion,ˌbæskjuːˈliːdʒən,0,0,110,118,530,14,4,1,1,0,3,2,3,1,3,2,5,1,1
Sneasler,ˈsniːzlɚ,0,0,43,51,510,7,2,0,0,0,1,1,2,0,1,1,4,0,1
Overqwil,ˈoʊvɚkwɪl,0,0,60.5,98,510,9,4,0,2,1,1,2,2,1,1,1,1,1,1
Enamorus,ɪˈnæmɚɪs,0,1,48,63,580,8,4,1,0,0,3,2,2,1,0,1,2,0,0
Sprigatito,ˌspɹɪɡəˈtiːtoʊ,0,0,4.1,16,310,13,5,0,2,1,3,3,0,1,1,4,3,1,0
Floragato,ˌflɔɹəˈɡɑːtoʊ,0,0,12.2,35,410,12,5,2,3,3,1,1,1,1,1,2,2,1,1
Meowscarada,miˈaʊskəˈɹɑːdə,0,0,31.2,59,530,13,5,2,1,2,3,2,1,1,1,2,2,1,1
Fuecoco,fweɪˈkoʊkoʊ,0,0,9.8,16,310,11,6,0,4,2,2,3,1,1,0,3,0,2,0
Crocalor,ˈkɹɑːkəlɔɹ,0,0,30.7,39,411,9,3,2,1,2,1,0,1,0,0,2,1,2,1
Skeledirge,ˈskɛlədɚdʒ,0,0,326.5,63,530,10,3,0,0,0,2,0,1,0,3,2,5,1,1
Quaxly,ˈkwæksliː,0,0,6.1,20,310,8,2,1,0,0,2,1,2,0,0,3,2,2,0
Quaxwell,ˈkwækswɛl,0,0,21.5,47,410,9,2,1,0,0,2,0,3,0,0,3,2,2,1
Quaquaval,ˈkwɑːkwəvɑːl,0,0,61.9,71,530,10,3,2,0,2,1,0,3,1,1,2,1,2,1
Lechonk,ləˈtʃɑːnk,0,0,10.2,20,254,8,2,1,0,1,1,0,2,0,0,3,4,1,0
Oinkologne,ˈɔɪŋkəloʊn,0,0,120,39,489,10,4,1,3,2,2,2,3,0,0,1,2,2,1
Tarountula,təˈɹaʊntʃələ,0,0,4,12,210,12,4,1,1,1,3,1,2,0,0,3,5,0,0
Spidops,ˈspaɪdɑps,0,0,16.5,39,404,9,2,2,0,1,1,1,0,2,1,4,3,0,1
Nymble,ˈnɪmbəl,0,0,1,8,210,7,2,0,0,0,2,1,3,2,1,0,2,0,0
Lokix,ˈloʊkɪks,0,0,17.5,39,450,8,3,0,2,1,1,2,1,0,0,3,2,2,1
Pawmi,ˈpɑːmiː,0,0,2.5,12,240,5,2,1,0,1,1,1,1,2,0,1,0,0,0
Pawmo,ˈpɑːmoʊ,0,0,6.5,16,350,6,3,1,2,2,0,1,1,2,0,1,0,0,1
Pawmot,ˈpɑːmɑːt,0,0,41,35,490,6,2,2,0,2,0,0,1,2,0,2,1,0,1
Tandemaus,ˈtændəmaʊs,0,0,1.8,12,305,10,3,2,1,1,2,1,2,1,1,2,4,0,0
Maushold,ˈmaʊshɔld,0,0,2.8,12,470,9,2,2,2,2,0,1,2,1,1,1,3,0,1
Fidough,ˈfaɪdoʊ,0,0,10.9,12,312,7,3,1,2,1,1,2,0,1,1,1,1,0,0
Dachsbun,ˈdɑːksbʌn,0,0,14.9,20,477,8,2,1,0,1,0,0,1,1,2,2,3,1,1
Smoliv,ˈsmoʊlɪv,0,0,6.5,12,260,8,3,0,2,1,1,2,2,2,1,1,2,0,0
Dolliv,ˈdɑːlɪv,0,0,11.9,24,354,6,2,1,0,1,1,1,1,1,2,0,2,0,1
Arboliva,ɑɹˈbɑːləvə,0,0,48.2,55,510,9,4,2,0,2,2,0,1,2,2,0,1,0,1
Squawkabilly,ˈskwɑːkəbɪliː,0,0,2.4,24,417,11,4,1,0,1,3,2,2,1,1,3,2,2,0
Nacli,ˈnækliː,0,0,16,16,280,6,2,1,0,0,2,1,2,0,0,1,2,1,0
Naclstack,ˈnækəlstæk,0,0,105,24,355,10,3,2,0,0,3,0,2,0,0,4,4,2,1
Garganacl,ɡɑːɹˈɡænəkəl,0,0,240,91,500,11,4,2,0,1,3,0,2,0,2,1,2,3,1
Charcadet,tʃɑːɹkədɛt,0,0,10.5,24,255,9,3,1,0,1,2,0,0,0,1,4,4,1,0
Armarouge,ˈɑːɹmɚuːʒ,0,0,85,59,525,7,3,1,1,1,0,1,1,1,1,0,1,0,1
Ceruledge,səˈɹuːlɛdʒ,0,0,62,63,525,9,3,0,1,0,2,1,1,0,2,1,4,0,1
Tadbulb,ˈtædbʊlb,0,0,0.4,12,272,8,2,1,1,1,1,1,1,2,3,1,3,0,0
Bellibolt,ˈbɛliːbɔlt,0,0,113,47,495,9,3,1,1,1,2,1,2,2,2,1,3,0,1
Wattrel,ˈwɑːtɹəl,0,0,3.6,16,280,7,2,1,0,1,1,0,2,0,0,1,2,0,0
Kilowattrel,ˌkiːloʊˈwɑtɹəl,0,0,38.6,55,490,13,5,1,2,2,2,2,3,0,0,2,3,1,1
Maschiff,ˈmæstʃɪf,0,0,16,20,340,8,2,1,0,0,2,1,1,2,0,4,3,0,0
Mabosstiff,məˈbɑːstɪf,0,0,61,43,505,9,3,1,0,1,2,1,1,3,1,3,2,0,1
Shroodle,ˈʃɹuːdəl,0,0,0.7,8,290,7,2,0,1,0,1,1,1,0,1,1,3,0,0
Grafaiai,ɡɹəˈfaɪaɪ,0,0,27.2,28,485,9,3,2,0,0,3,2,0,1,1,1,0,1,1
Bramblin,ˈbɹæmblɪn,0,0,0.6,24,275,9,2,1,0,0,2,1,3,3,2,0,2,0,0
Brambleghast,ˈbɹæmbəlɡæst,0,0,6,47,480,12,3,2,0,0,3,0,2,3,3,2,3,1,1
Toedscool,ˈtoʊdzkuːl,0,0,33,35,335,9,3,0,3,1,0,2,1,0,2,2,4,1,0
Toedscruel,ˈtoʊdzkɹuːl,0,0,58,75,515,10,3,0,3,1,0,2,1,0,2,2,4,1,1
Klawf,ˈklɑːf,0,0,79,51,450,5,1,1,0,1,0,0,1,1,0,2,1,1,0
Capsakid,kæpˈsɛɪkɪd,0,0,3,12,304,10,3,1,0,0,4,2,0,1,1,4,2,2,0
Scovillain,ˈskoʊvɪlən,0,0,15,35,486,10,4,0,2,1,2,2,2,1,1,2,3,1,1
Rellor,ˈɹɛlɔɹ,0,0,1,8,270,6,2,1,1,1,1,0,1,0,0,0,1,0,0
Rabsca,ˈɹæbskə,0,0,3.5,12,470,7,2,1,0,0,2,0,0,1,1,2,1,1,1
Flittle,ˈflɪɾəl,0,0,1.5,8,255,7,2,0,0,0,2,1,2,1,0,1,2,0,0
Espathra,ɛsˈpæθɹə,0,0,90,75,481,8,3,1,0,0,3,0,0,1,0,3,1,0,1
Tinkatink,ˈtiːŋkətiːŋk,0,0,8.9,16,297,10,3,0,0,0,3,2,2,0,0,4,2,4,0
Tinkatuff,ˈtiːŋkətʌf,0,0,59.1,28,380,9,3,0,0,0,2,1,1,1,0,4,2,2,1
Tinkaton,ˈtiːŋkətʌn,0,0,112.8,28,506,9,3,0,0,0,2,1,2,0,0,3,3,2,1
Wiglett,ˈwɪɡlət,0,0,1.8,47,245,7,2,0,0,0,2,1,2,0,1,1,2,1,0
Wugtrio,wʌɡˈtɹiːoʊ,0,0,5.4,47,425,9,4,0,2,1,1,2,1,0,1,1,1,1,1
Bombirdier,ˌbɑːmˈbɝdiːɚ,0,0,42.9,59,485,10,4,1,0,1,1,1,1,3,3,0,1,0,0
Finizen,ˈfɪnɪzən,0,0,60.2,51,315,8,3,0,0,0,3,2,2,1,1,1,3,0,0
Palafin,ˈpæləfɪn,0,0,60.2,51,457,8,3,1,0,0,3,1,2,2,0,2,2,0,1
Varoom,vəˈɹuːm,0,0,35,39,300,6,2,0,1,0,1,1,1,2,1,0,0,0,0
Revavroom,ˈɹɛvəvɹuːm,0,0,120,71,500,9,3,0,1,0,2,1,1,3,2,0,0,0,1
Cyclizar,ˈsaɪkləzɑːɹ,0,0,63,63,501,10,3,2,0,1,2,1,1,0,1,2,3,1,0
Orthworm,ˈɔɹθwɚm,0,0,310,98,480,7,2,1,1,1,0,0,2,1,0,1,0,0,0
Glimmet,ˈɡlɪmət,0,0,8,28,350,7,2,0,0,0,2,1,2,1,1,1,2,1,0
Glimmora,ɡləˈmɔɹə,0,0,45,59,525,8,3,1,1,1,2,0,2,1,1,0,1,1,1
Greavard,ˈɡɹiːvɑːɹd,0,0,35,24,290,8,2,1,0,1,1,1,0,1,3,0,1,1,0
Houndstone,ˈhaʊndstoʊn,0,0,15,79,488,11,3,1,3,2,0,2,2,0,1,2,5,0,1
Flamigo,fləˈmiːɡoʊ,0,0,37,63,500,9,4,0,2,1,2,2,2,2,1,1,1,1,0
Cetoddle,səˈtɑːdəl,0,0,45,47,334,8,3,1,0,1,2,0,1,0,1,2,4,0,0
Cetitan,səˈtaɪtən,0,0,700,177,521,9,3,1,0,0,3,1,1,0,0,3,4,0,1
Veluza,vəˈluːzə,0,0,90,98,478,7,3,0,1,0,2,1,1,1,2,0,2,0,0
Dondozo,doʊnˈdoʊnzoʊ,0,0,220,472,530,12,6,0,6,3,0,3,2,0,3,0,5,0,0
Tatsugiri,ˌtɑːtsuːɡɪɹiː,0,0,8,12,475,10,4,1,1,1,2,3,0,0,1,3,3,1,0
Annihilape,əˈnaɪəleɪp,0,0,56,47,535,10,5,1,0,0,5,2,2,1,0,1,2,0,1
Clodsire,ˈklɑːdsaɪɚ,0,0,223,71,430,9,3,2,0,1,1,1,1,0,1,2,3,1,1
Farigiraf,fəˈɹɪɡəɹæf,0,0,160,126,520,10,4,1,0,0,4,1,0,2,1,2,0,1,1
Dudunsparce,dəˈdʌnspɑːɹs,0,0,39.2,142,520,11,3,1,0,1,1,0,1,1,2,3,5,0,1
Kingambit,kiːŋˈɡæmbɪt,0,0,120,79,550,10,3,1,0,0,3,2,2,2,2,2,1,3,1
Great Tusk,ˌɡɹɛɪt ˈtʌsk,0,0,320,87,570,11,2,0,0,0,2,1,0,0,1,4,3,2,0
Scream Tail,ˈskɹiːm ˌteɪl,0,0,8,47,570,11,3,0,0,0,3,2,2,1,0,3,3,1,0
Brute Bonnet,ˌbɹuːt ˈbɑːnət,0,0,21,47,570,11,3,1,1,1,1,1,1,2,2,2,3,0,0
Flutter Mane,ˈflʌɾɚ ˌmeɪn,0,0,4,55,570,11,4,0,0,0,2,1,3,2,0,1,2,0,0
Slither Wing,ˈslɪðɚ ˌwiŋ,0,0,92,126,570,10,3,0,0,0,2,2,3,0,1,1,2,1,0
Sandy Shocks,ˈsændiː ˈʃɑːks,0,0,60,91,570,11,3,2,0,1,2,1,1,0,1,4,5,1,0
Iron Treads,ˌaɪɹn ˈtɹɛdz,0,0,240,35,570,11,2,1,0,0,2,1,1,0,2,1,4,0,0
Iron Bundle,ˌaɪɹn ˈbʌndəl,0,0,11,24,570,12,3,1,0,0,2,1,3,1,2,0,4,0,0
Iron Hands,ˌaɪɹn ˈhændz,0,0,380.7,71,570,11,2,2,0,0,2,1,2,0,2,0,4,0,0
Iron Jugulis,ˌaɪɹn ˈdʒʌɡjuːləs,0,0,111,51,570,15,4,1,1,0,2,2,3,0,3,1,5,1,0
Iron Moth,ˌaɪɹn ˈmɑːθ,0,0,36,47,570,9,2,2,0,1,1,1,2,1,0,1,1,0,0
Iron Thorns,ˌaɪɹn ˈθɔɹnz,0,0,303,63,570,11,2,2,1,1,1,1,2,0,1,1,3,0,0
Frigibax,ˈfɹɪdʒɪbæks,0,0,17,20,320,11,3,1,0,0,3,2,0,2,3,3,3,1,0
Arctibax,ˈɑɹktɪbæks,0,0,30,31,423,10,3,2,0,1,2,1,0,1,1,4,2,2,1
Baxcalibur,bæksˈkælɪbɚ,0,0,210,83,600,11,4,2,0,0,3,1,1,2,2,3,2,2,1
Gimmighoul,ˈɡɪmiːɡuːl,0,0,5,12,300,8,3,0,1,0,2,3,2,1,2,0,1,2,0
Gholdengo,ˈɡɔldənɡoʊ,0,0,30,47,550,10,4,1,3,2,1,1,2,0,3,0,3,2,1
Wo-Chien,woʊˈtʃiːən,0,1,74.2,59,580,9,4,0,2,1,2,2,2,0,0,2,3,0,0
Chien-Pao,tʃiːənˈpaʊ,0,1,152.2,75,580,9,3,1,1,1,2,2,1,1,0,3,3,0,0
Ting-Lu,tiŋˈluː,0,1,699.7,106,580,6,2,0,1,0,1,2,2,0,0,1,2,1,0
Chi-Yu,tʃiːˈjuː,0,1,4.9,16,580,6,2,0,1,0,1,2,1,0,0,2,2,0,0
Roaring Moon,ˌɹɔɹiŋ ˈmuːn,0,0,380,79,590,10,3,1,2,1,1,2,3,1,0,0,1,1,0
Iron Valiant,ˌaɪɹn ˈvæljənt,0,0,35,55,590,13,3,2,0,0,3,1,4,1,1,1,4,0,0
Koraidon,kɔːɹˈaɪdɑːn,0,1,303,98,670,9,3,3,1,2,1,1,1,0,1,1,2,1,0
Miraidon,mɪɹˈaɪdɑːn,0,1,240,138,670,9,3,2,0,1,2,2,2,1,1,0,2,0,0
